id,title,description,youtube_id,subject,grade,duration,thumbnail_url,created_at
1,01. [كمي] أ. فهد التميمي: مقدمة ,,hRBE4QxaqGo,Qudurat,General,368,https://img.youtube.com/vi/hRBE4QxaqGo/hqdefault.jpg,"""2026-04-25T13:53:04.001Z"""
2,01. [كمي] أ. فهد التميمي: أساسيات الكسور - حلقة 1,,AkNxcHfBsns,Qudurat,General,1376,https://img.youtube.com/vi/AkNxcHfBsns/hqdefault.jpg,"""2026-04-25T13:56:03.510Z"""
3,01. [كمي] أ. فهد التميمي: الكسور العشرية - حلقة 2,,Jb4AFWWcYhk,Qudurat,General,973,https://img.youtube.com/vi/Jb4AFWWcYhk/hqdefault.jpg,"""2026-04-25T13:57:16.544Z"""
4,01. [كمي] أ. فهد التميمي: الأعداد الصحيحة - حلقة 3,,AE13g6beWdA,Qudurat,General,625,https://img.youtube.com/vi/AE13g6beWdA/hqdefault.jpg,"""2026-04-25T13:59:15.301Z"""
5,01. [كمي] أ. فهد التميمي: القوى - حلقة 4,,ANDvFn4ualI,Qudurat,General,1689,https://img.youtube.com/vi/ANDvFn4ualI/hqdefault.jpg,"""2026-04-25T13:59:51.083Z"""
6,01. [كمي] أ. فهد التميمي: الجذور - حلقة 5,,OCV6Zh0oB_Q,Qudurat,General,1250,https://img.youtube.com/vi/OCV6Zh0oB_Q/hqdefault.jpg,"""2026-04-25T14:00:32.182Z"""
7,01. [كمي] أ. فهد التميمي: حل المعادلات - حلقة 6,,jfjVvaUBn0A,Qudurat,General,2080,https://img.youtube.com/vi/jfjVvaUBn0A/hqdefault.jpg,"""2026-04-25T14:02:31.379Z"""
8,01. [كمي] أ. فهد التميمي: النسبة المئوية - حلقة 7,,72QwsblY43Y,Qudurat,General,1000,https://img.youtube.com/vi/72QwsblY43Y/hqdefault.jpg,"""2026-04-25T14:03:36.423Z"""
9,01. [كمي] أ. فهد التميمي: الهندسة - حلقة 8,,xU4mFu6hQes,Qudurat,General,1909,https://img.youtube.com/vi/xU4mFu6hQes/hqdefault.jpg,"""2026-04-25T14:04:30.181Z"""
10,01. [كمي] أ. فهد التميمي: المثلثات - حلقة 9,,N02sVbapeRs,Qudurat,General,1661,https://img.youtube.com/vi/N02sVbapeRs/hqdefault.jpg,"""2026-04-25T14:05:21.945Z"""
11,01. [كمي] أ. فهد التميمي: الإحصاءات و الإحتمالات - حلقة 10,,0sUjCvVfkig,Qudurat,General,1183,https://img.youtube.com/vi/0sUjCvVfkig/hqdefault.jpg,"""2026-04-25T14:06:04.323Z"""
12,01. [كمي] أ. فهد التميمي: التناسب - حلقة 11,,iP18Bxk5mpY,Qudurat,General,1202,https://img.youtube.com/vi/iP18Bxk5mpY/hqdefault.jpg,"""2026-04-25T14:06:50.468Z"""
13,01. [استراتيجيات] أ. فهد التميمي: التدرج المنتظم - حلقة 1 ,,3KtrdFhfyss,Qudurat,General,713,https://img.youtube.com/vi/3KtrdFhfyss/hqdefault.jpg,"""2026-04-25T14:38:30.943Z"""
14,01. [استراتيجيات] أ. فهد التميمي: إنشاء معادلة - حلقة 2,,mIqfKWd1134,Qudurat,General,1072,https://img.youtube.com/vi/mIqfKWd1134/hqdefault.jpg,"""2026-04-25T14:41:40.002Z"""
15,01. [استراتيجيات] أ. فهد التميمي: حل مسألة أبسط - حلقة 3,,BYdIDy7XXWA,Qudurat,General,743,https://img.youtube.com/vi/BYdIDy7XXWA/hqdefault.jpg,"""2026-04-25T14:42:53.317Z"""
16,01. [استراتيجيات] أ. فهد التميمي: البحث عن نمط - حلقة 4,,H72BzHEuHkU,Qudurat,General,893,https://img.youtube.com/vi/H72BzHEuHkU/hqdefault.jpg,"""2026-04-25T14:44:07.199Z"""
17,01. [استراتيجيات] أ. فهد التميمي: التقدير - حلقة 5,,df-ujoDlIK4,Qudurat,General,606,https://img.youtube.com/vi/df-ujoDlIK4/hqdefault.jpg,"""2026-04-25T14:45:21.483Z"""
18,01. [استراتيجيات] أ. فهد التميمي: الحل العكسي - حلقة 6,,OgCa3-9IaiM,Qudurat,General,511,https://img.youtube.com/vi/OgCa3-9IaiM/hqdefault.jpg,"""2026-04-25T14:47:11.858Z"""
19,01. [استراتيجيات] أ. فهد التميمي: التخمين و التحقق - حلقة 7,,9tI1aAZjBpY,Qudurat,General,973,https://img.youtube.com/vi/9tI1aAZjBpY/hqdefault.jpg,"""2026-04-25T14:48:28.906Z"""
20,01. [استراتيجيات] أ. فهد التميمي: الرسم - حلقة 8,,jOMt5ukEq2k,Qudurat,General,952,https://img.youtube.com/vi/jOMt5ukEq2k/hqdefault.jpg,"""2026-04-25T14:49:25.553Z"""
21,01. [استراتيجيات] أ. فهد التميمي: الاستبعاد - حلقة 9,,zdO0Vy_G4dw,Qudurat,General,696,https://img.youtube.com/vi/zdO0Vy_G4dw/hqdefault.jpg,"""2026-04-25T16:05:38.708Z"""
22,01. [كمي] دورات القدرات: العمليات الحسابية - حلقة 1 ,,2BoPkKAm6uc,Qudurat,General,1105,https://img.youtube.com/vi/2BoPkKAm6uc/hqdefault.jpg,"""2026-04-25T16:18:10.699Z"""
23,01. [كمي] دورات القدرات: الحساب الذهني السريع - حلقة 2,,22hhlWf_SW4,Qudurat,General,969,https://img.youtube.com/vi/22hhlWf_SW4/hqdefault.jpg,"""2026-04-25T16:19:45.482Z"""
24,01. [كمي] دورات القدرات: الحساب الذهني السريع - حلقة 3,,yiqdEmnw0Uk,Qudurat,General,1059,https://img.youtube.com/vi/yiqdEmnw0Uk/hqdefault.jpg,"""2026-04-25T16:20:53.434Z"""
25,01. [كمي] دورات القدرات: قابلية القسمة - حلقة 4,,BszH0hx_knE,Qudurat,General,1133,https://img.youtube.com/vi/BszH0hx_knE/hqdefault.jpg,"""2026-04-25T16:22:55.862Z"""
26,01. [كمي] دورات القدرات: قابلية القسمة - حلقة 5,,NKEiZAgcyg4,Qudurat,General,1182,https://img.youtube.com/vi/NKEiZAgcyg4/hqdefault.jpg,"""2026-04-25T16:24:09.143Z"""
27, 01. [كمي] دورات القدرات: الأعداد الفردية و الزوجية - حلقة 6 ,,-9IoueLy0Gs,Qudurat,General,1005,https://img.youtube.com/vi/-9IoueLy0Gs/hqdefault.jpg,"""2026-04-25T16:34:00.248Z"""
28,01. [كمي] دورات القدرات: الأعداد الأولية - حلقة 7,,kHPXDhM6xaU,Qudurat,General,1018,https://img.youtube.com/vi/kHPXDhM6xaU/hqdefault.jpg,"""2026-04-25T16:39:05.411Z"""
29,01. [كمي] دورات القدرات: الأنماط - حلقة 8,,5sa5egWIljo,Qudurat,General,1090,https://img.youtube.com/vi/5sa5egWIljo/hqdefault.jpg,"""2026-04-25T16:39:54.947Z"""
30,01. [كمي] دورات القدرات: الأنماط - حلقة 9,,a4YpHHCRDgQ,Qudurat,General,300,https://img.youtube.com/vi/a4YpHHCRDgQ/hqdefault.jpg,"""2026-04-25T16:41:10.541Z"""
31,01. [كمي] دورات القدرات: التناسب الطردي - حلقة 10,,aU5G_rRz0wo,Qudurat,General,300,https://img.youtube.com/vi/aU5G_rRz0wo/hqdefault.jpg,"""2026-04-25T16:42:47.810Z"""
32,01. [كمي] دورات القدرات: التناسب الطردي - حلقة 11,,x5V4XvN4Tbo,Qudurat,General,890,https://img.youtube.com/vi/x5V4XvN4Tbo/hqdefault.jpg,"""2026-04-25T16:43:49.719Z"""
33,01. [كمي] دورات القدرات: التناسب العكسي - حلقة 12,,6avdQW1pC5E,Qudurat,General,1290,https://img.youtube.com/vi/6avdQW1pC5E/hqdefault.jpg,"""2026-04-25T16:45:26.178Z"""
34,01. [كمي] دورات القدرات: الضرب التبادلي - حلقة 13,,JRyyBEKdpYM,Qudurat,General,919,https://img.youtube.com/vi/JRyyBEKdpYM/hqdefault.jpg,"""2026-04-25T16:46:41.659Z"""
35,01. [كمي] دورات القدرات: الضرب التبادلي - حلقة 14,,Rs9iYWMgaqo,Qudurat,General,300,https://img.youtube.com/vi/Rs9iYWMgaqo/hqdefault.jpg,"""2026-04-25T16:47:36.586Z"""
36,01. [كمي] دورات القدرات: مقياس الرسم - حلقة 15,,4jBd-OBc8Tc,Qudurat,General,300,https://img.youtube.com/vi/4jBd-OBc8Tc/hqdefault.jpg,"""2026-04-25T16:48:34.838Z"""
37,01. [كمي] دورات القدرات: المتوسط الحسابي - حلقة 16,,TRLYInbZFAA,Qudurat,General,300,https://img.youtube.com/vi/TRLYInbZFAA/hqdefault.jpg,"""2026-04-25T16:49:16.056Z"""
38,01. [كمي] دورات القدرات: المتوسط الحسابي - حلقة 17,,u5rvyUtw9Xs,Qudurat,General,300,https://img.youtube.com/vi/u5rvyUtw9Xs/hqdefault.jpg,"""2026-04-25T16:50:21.146Z"""
39,01. [كمي] دورات القدرات: المتوسط الحسابي - حلقة 18,,GhF-UZtKA_E,Qudurat,General,300,https://img.youtube.com/vi/GhF-UZtKA_E/hqdefault.jpg,"""2026-04-25T16:51:07.238Z"""
40,01. [كمي] دورات القدرات: النسبة - حلقة 19,,UjoVs2AXdoE,Qudurat,General,300,https://img.youtube.com/vi/UjoVs2AXdoE/hqdefault.jpg,"""2026-04-25T16:53:12.060Z"""
41,01. [كمي] دورات القدرات: النسبة - حلقة 20,,NuGkBgqwlJ4,Qudurat,General,300,https://img.youtube.com/vi/NuGkBgqwlJ4/hqdefault.jpg,"""2026-04-25T16:54:03.732Z"""
42,01. [كمي] دورات القدرات: أجزاء النسب - حلقة 21,,c1GqT5QKqe4,Qudurat,General,300,https://img.youtube.com/vi/c1GqT5QKqe4/hqdefault.jpg,"""2026-04-25T16:54:39.238Z"""
43,01. [كمي] دورات القدرات: أجزاء النسب - حلقة 22,,N8fOjcGaHWk,Qudurat,General,300,https://img.youtube.com/vi/N8fOjcGaHWk/hqdefault.jpg,"""2026-04-25T16:55:48.492Z"""
44,01. [كمي] دورات القدرات: أجزاء النسب - حلقة 23,,6ckXSx5vOwQ,Qudurat,General,300,https://img.youtube.com/vi/6ckXSx5vOwQ/hqdefault.jpg,"""2026-04-25T16:56:31.630Z"""
45,01. [كمي] دورات القدرات: النسبة المئوية - حلقة 24,,U2u9NQoa2RY,Qudurat,General,300,https://img.youtube.com/vi/U2u9NQoa2RY/hqdefault.jpg,"""2026-04-25T16:57:40.902Z"""
46,01. [كمي] دورات القدرات: النسبة المئوية - حلقة 25,,XWECzOEEqBY,Qudurat,General,300,https://img.youtube.com/vi/XWECzOEEqBY/hqdefault.jpg,"""2026-04-25T16:58:14.275Z"""
47,01. [كمي] دورات القدرات: النسبة المئوية - حلقة 26,,AFVr2JIztcc,Qudurat,General,300,https://img.youtube.com/vi/AFVr2JIztcc/hqdefault.jpg,"""2026-04-25T16:58:34.557Z"""
48,01. [كمي] دورات القدرات: النسبة المئوية - حلقة 27,,jrNMoYlmoYA,Qudurat,General,300,https://img.youtube.com/vi/jrNMoYlmoYA/hqdefault.jpg,"""2026-04-25T16:59:16.139Z"""
49,01. [كمي] دورات القدرات: النسبة المئوية - حلقة 28,,xOCSckT9fBY,Qudurat,General,300,https://img.youtube.com/vi/xOCSckT9fBY/hqdefault.jpg,"""2026-04-25T17:00:02.276Z"""
50,01. [كمي] دورات القدرات: النسبة المئوية - حلقة 29,,1K84wrmsmN0,Qudurat,General,300,https://img.youtube.com/vi/1K84wrmsmN0/hqdefault.jpg,"""2026-04-25T17:01:32.351Z"""
51,01. [كمي] دورات القدرات: البيع و الشراء - حلقة 30,,X_7TqodEB-A,Qudurat,General,300,https://img.youtube.com/vi/X_7TqodEB-A/hqdefault.jpg,"""2026-04-25T17:02:22.548Z"""
52,01. [كمي] دورات القدرات: البيع و الشراء - حلقة 31,,weuOze2UPlo,Qudurat,General,300,https://img.youtube.com/vi/weuOze2UPlo/hqdefault.jpg,"""2026-04-25T17:04:36.709Z"""
53,01. [كمي] دورات القدرات: البيع و الشراء - حلقة 32,,2DqGPRfZR7s,Qudurat,General,300,https://img.youtube.com/vi/2DqGPRfZR7s/hqdefault.jpg,"""2026-04-25T17:05:09.176Z"""
54,01. [كمي] دورات القدرات: البيع و الخسارة - حلقة 33,,zmFs2l_sKhw,Qudurat,General,300,https://img.youtube.com/vi/zmFs2l_sKhw/hqdefault.jpg,"""2026-04-25T17:05:47.874Z"""
55,01. [كمي] دورات القدرات: البيع و الخسارة - حلقة 34,,ACA3pxLcGZo,Qudurat,General,300,https://img.youtube.com/vi/ACA3pxLcGZo/hqdefault.jpg,"""2026-04-25T17:06:32.390Z"""
56,01. [كمي] أ. نادية بدوي: السرعة و الزمن و المسافة - حلقة 1,,RxDFJf4k78Y,Qudurat,General,2617,https://img.youtube.com/vi/RxDFJf4k78Y/hqdefault.jpg,"""2026-04-25T17:23:00.430Z"""
57,02. [لفظي] أ. إيهاب عبد العظيم: تأسيس التناظر اللفظي - حلقة 1,,2RiwhqWECf4,Qudurat,General,1008,https://img.youtube.com/vi/2RiwhqWECf4/hqdefault.jpg,"""2026-04-25T17:36:30.081Z"""
58,02. [لفظي] أ. إيهاب عبدالعظيم: علاقات التناظر (احتياج، سبب، حماية) - حلقة 2,,KQNL4UwJW5Q,Qudurat,General,815,https://img.youtube.com/vi/KQNL4UwJW5Q/hqdefault.jpg,"""2026-04-25T17:38:50.278Z"""
59,02. [لفظي] أ. إيهاب عبد العظيم: علاقات التناظر (جزء من كل، تدرج، فئات) - حلقة 3,,v3hJYbnK8EE,Qudurat,General,300,https://img.youtube.com/vi/v3hJYbnK8EE/hqdefault.jpg,"""2026-04-25T17:48:00.601Z"""
60,02. [لفظي] أ. إيهاب عبد العظيم: تأسيس إكمال الجمل (استراتيجيات الحل) - حلقة 4,,Hogzgwtjnxg,Qudurat,General,300,https://img.youtube.com/vi/Hogzgwtjnxg/hqdefault.jpg,"""2026-04-25T17:48:55.025Z"""
61,02. [لفظي] أ. إيهاب عبد العظيم: إكمال الجمل (مهارة الروابط والتقابل) - حلقة 5,,VgWXo7GNmJo,Qudurat,General,300,https://img.youtube.com/vi/VgWXo7GNmJo/hqdefault.jpg,"""2026-04-25T17:50:08.290Z"""
62,02. [لفظي] أ. إيهاب عبد العظيم: تأسيس الخطأ السياقي (قواعد ذهبية) - حلقة 6,,KhRKzLTL1hI,Qudurat,General,300,https://img.youtube.com/vi/KhRKzLTL1hI/hqdefault.jpg,"""2026-04-25T17:50:49.146Z"""
63,02. [لفظي] أ. إيهاب عبد العظيم: تدريبات الخطأ السياقي - حلقة 7,,AuFUqm6JsZ0,Qudurat,General,300,https://img.youtube.com/vi/AuFUqm6JsZ0/hqdefault.jpg,"""2026-04-25T17:51:48.529Z"""
64,02. [لفظي] أ. إيهاب عبد العظيم: تأسيس استيعاب المقروء (أنواع الأسئلة) - حلقة 8,,y98K57x0uoY,Qudurat,General,300,https://img.youtube.com/vi/y98K57x0uoY/hqdefault.jpg,"""2026-04-25T17:52:24.483Z"""
65,02. [لفظي] أ. إيهاب عبد العظيم: مهارات استيعاب المقروء (العلاقات بين الجمل) - حلقة 9,,bkLoLABRD5o,Qudurat,General,300,https://img.youtube.com/vi/bkLoLABRD5o/hqdefault.jpg,"""2026-04-25T17:53:03.818Z"""
66,02. [لفظي] أ. إيهاب عبد العظيم: مهارات استيعاب المقروء (التعليل و السببية) - حلقة 10,,YhSevK6YNIA,Qudurat,General,300,https://img.youtube.com/vi/YhSevK6YNIA/hqdefault.jpg,"""2026-04-25T17:56:25.025Z"""
67,02. [تدريب] أ. إيهاب عبد العظيم: شرح علاقات الـ 120 نموذج - حلقة 1,,B7vB_egcP48,Qudurat,General,300,https://img.youtube.com/vi/B7vB_egcP48/hqdefault.jpg,"""2026-04-25T18:03:25.042Z"""
68,02. [تدريب] أ. إيهاب عبد العظيم: شرح علاقات الـ 120 نموذج - حلقة 2,,Bh2sdusDFYw,Qudurat,General,300,https://img.youtube.com/vi/Bh2sdusDFYw/hqdefault.jpg,"""2026-04-25T18:04:15.601Z"""
69,02. [تدريب] أ. إيهاب عبد العظيم: شرح علاقات الـ 120 نموذج - حلقة 3,,p3Djpu3SLk8,Qudurat,General,300,https://img.youtube.com/vi/p3Djpu3SLk8/hqdefault.jpg,"""2026-04-25T18:04:40.666Z"""
70,02. [تدريب] أ. إيهاب عبد العظيم: شرح علاقات الـ 120 نموذج - حلقة 4,,EEu4kZHWBfY,Qudurat,General,300,https://img.youtube.com/vi/EEu4kZHWBfY/hqdefault.jpg,"""2026-04-25T18:05:06.639Z"""
71,02. [تدريب] أ. إيهاب عبد العظيم: شرح علاقات الـ 120 نموذج - حلقة 5,,pcrBgyCbHtE,Qudurat,General,300,https://img.youtube.com/vi/pcrBgyCbHtE/hqdefault.jpg,"""2026-04-25T18:05:31.938Z"""
72,02. [تدريب] أ. إيهاب عبد العظيم: شرح علاقات الـ 120 نموذج - حلقة 6,,5Kh1AiR1TdE,Qudurat,General,300,https://img.youtube.com/vi/5Kh1AiR1TdE/hqdefault.jpg,"""2026-04-25T18:06:01.849Z"""
73,02. [تدريب] أ. إيهاب عبد العظيم: شرح علاقات الـ 120 نموذج - حلقة 7,,7_Lqma3JsP4,Qudurat,General,300,https://img.youtube.com/vi/7_Lqma3JsP4/hqdefault.jpg,"""2026-04-25T18:06:22.481Z"""
74,02. [نماذج] أ. إيهاب عبد العظيم: نموذج تبوك والزجاج (100%) - حلقة 1,,agPYHWP1K08,Qudurat,General,300,https://img.youtube.com/vi/agPYHWP1K08/hqdefault.jpg,"""2026-04-25T18:11:37.453Z"""
75,02. [نماذج] أ. إيهاب عبد العظيم: نموذج الأمطار الحمضية والقمر (100%) - حلقة 2,,MtkLDBr_RHw,Qudurat,General,300,https://img.youtube.com/vi/MtkLDBr_RHw/hqdefault.jpg,"""2026-04-25T18:12:46.942Z"""
76,02. [نماذج] أ. إيهاب عبد العظيم: نموذج نسخ القرآن والخليج العربي (100%) - حلقة 3,,t0uw-cSSzNE,Qudurat,General,300,https://img.youtube.com/vi/t0uw-cSSzNE/hqdefault.jpg,"""2026-04-25T18:13:30.530Z"""
78,02. [نماذج] أ. إيهاب عبد العظيم: نموذج الأوربيون والانتحار (100%) - حلقة 4,,PgjZZER0wIk,Qudurat,General,300,https://img.youtube.com/vi/PgjZZER0wIk/hqdefault.jpg,"""2026-04-25T18:14:07.204Z"""
79,02. [نماذج] أ. إيهاب عبد العظيم: نموذج صاعد والزهراوي (100%) - حلقة 5,,0Ji1iF3egmg,Qudurat,General,300,https://img.youtube.com/vi/0Ji1iF3egmg/hqdefault.jpg,"""2026-04-25T18:14:42.952Z"""
80,02. [نماذج] أ. إيهاب عبد العظيم: نموذج الصفدي والأرشيف (100%) - حلقة 6,,_E7zbcMyQqc,Qudurat,General,300,https://img.youtube.com/vi/_E7zbcMyQqc/hqdefault.jpg,"""2026-04-25T18:15:53.511Z"""
81,02. [نماذج] أ. إيهاب عبد العظيم: نموذج التعليم عن بعد والكوليسترول - حلقة 7,,fov7zjTn5ks,Qudurat,General,300,https://img.youtube.com/vi/fov7zjTn5ks/hqdefault.jpg,"""2026-04-25T18:16:31.913Z"""
82,02. [قطع] أ. إيهاب عبد العظيم: شرح قطعة تنقية الهواء - حلقة 1,,pTbhC2w3Vyk,Qudurat,General,300,https://img.youtube.com/vi/pTbhC2w3Vyk/hqdefault.jpg,"""2026-04-25T18:20:29.049Z"""
83,02. [قطع] أ. إيهاب عبد العظيم: شرح قطعة المكتبات - حلقة 2,,9PIt1DSP4v0,Qudurat,General,300,https://img.youtube.com/vi/9PIt1DSP4v0/hqdefault.jpg,"""2026-04-25T18:21:05.911Z"""
84,02. [قطع] أ. إيهاب عبد العظيم: شرح قطعة الشعر - حلقة 3,,EN7ETYj4qX0,Qudurat,General,300,https://img.youtube.com/vi/EN7ETYj4qX0/hqdefault.jpg,"""2026-04-25T18:21:40.952Z"""
85,02. [قطع] أ. إيهاب عبد العظيم: شرح قطعة المناعة - حلقة 4,,48shsGbXg4c,Qudurat,General,300,https://img.youtube.com/vi/48shsGbXg4c/hqdefault.jpg,"""2026-04-25T18:22:17.064Z"""
86,02. [قطع] أ. إيهاب عبد العظيم: شرح قطعة اللؤلؤ - حلقة 5,,htnzdTDYZEI,Qudurat,General,300,https://img.youtube.com/vi/htnzdTDYZEI/hqdefault.jpg,"""2026-04-25T18:23:02.376Z"""
87,02. [قطع] أ. إيهاب عبد العظيم: شرح قطعة التصوير - حلقة 6,,sCKJkF8Cs1M,Qudurat,General,300,https://img.youtube.com/vi/sCKJkF8Cs1M/hqdefault.jpg,"""2026-04-25T18:23:38.320Z"""
88,02. [قطع] أ. إيهاب عبد العظيم: شرح قطعة السيوف - حلقة 7,,Z6lrDusNHdY,Qudurat,General,300,https://img.youtube.com/vi/Z6lrDusNHdY/hqdefault.jpg,"""2026-04-25T18:24:31.737Z"""
89,02. [قطع] أ. إيهاب عبد العظيم: شرح قطعة السلوك الإنساني - حلقة 8,,1zwHVgD2uIU,Qudurat,General,300,https://img.youtube.com/vi/1zwHVgD2uIU/hqdefault.jpg,"""2026-04-25T18:25:21.408Z"""
90,02. [قطع] أ. إيهاب عبد العظيم: شرح قطعة كيف تحدث الزلازل - حلقة 9,,0e0VJ5TXYqw,Qudurat,General,300,https://img.youtube.com/vi/0e0VJ5TXYqw/hqdefault.jpg,"""2026-04-25T18:25:51.075Z"""
91,02. [قطع] أ. إيهاب عبد العظيم: شرح قطعة الرجولة في الإسلام - حلقة 10,,5qor57DXkwQ,Qudurat,General,300,https://img.youtube.com/vi/5qor57DXkwQ/hqdefault.jpg,"""2026-04-25T18:26:28.592Z"""
92,02. [قطع] أ. إيهاب عبد العظيم: شرح قطعة التنفس الصحيح - حلقة 11,,JOvL7zlGCgA,Qudurat,General,300,https://img.youtube.com/vi/JOvL7zlGCgA/hqdefault.jpg,"""2026-04-25T18:27:02.705Z"""
93,02. [قطع] أ. إيهاب عبد العظيم: شرح قطعة العادات (الأهم) - حلقة 12,,WcblH0B9yzo,Qudurat,General,300,https://img.youtube.com/vi/WcblH0B9yzo/hqdefault.jpg,"""2026-04-25T18:27:40.564Z"""
94,02. [قطع] أ. إيهاب عبد العظيم: شرح قطعة النظام البيئي - حلقة 13,,R7orFV4m0B4,Qudurat,General,300,https://img.youtube.com/vi/R7orFV4m0B4/hqdefault.jpg,"""2026-04-25T18:28:07.922Z"""
95,02. [قطع] أ. إيهاب عبد العظيم: شرح قطعة حضارة أمريكا واليابان - حلقة 14,,wg32-TL47KE,Qudurat,General,300,https://img.youtube.com/vi/wg32-TL47KE/hqdefault.jpg,"""2026-04-25T18:28:39.728Z"""
96,02. [قطع] أ. إيهاب عبد العظيم: شرح قطعة البصمة - حلقة 15,,sztEPUPW0-s,Qudurat,General,300,https://img.youtube.com/vi/sztEPUPW0-s/hqdefault.jpg,"""2026-04-25T18:29:11.381Z"""
97,02. [قطع] أ. إيهاب عبد العظيم: شرح قطعة الأمطار الكونية - حلقة 16,,JdZ5EoyWhPU,Qudurat,General,300,https://img.youtube.com/vi/JdZ5EoyWhPU/hqdefault.jpg,"""2026-04-25T18:30:22.060Z"""
98,02. [قطع] أ. إيهاب عبد العظيم: شرح قطعة الموهبة والذكاء - حلقة 17,,hOdpvP9_7cw,Qudurat,General,300,https://img.youtube.com/vi/hOdpvP9_7cw/hqdefault.jpg,"""2026-04-25T18:30:49.090Z"""
99,02. [قطع] أ. إيهاب عبد العظيم: شرح قطعة الناسك وابن عُرس - حلقة 18,,7KcdcFsey0k,Qudurat,General,300,https://img.youtube.com/vi/7KcdcFsey0k/hqdefault.jpg,"""2026-04-25T18:31:20.723Z"""
100,02. [قطع] أ. إيهاب عبد العظيم: شرح قطعة الصفدي - حلقة 19,,bZst3encYSs,Qudurat,General,300,https://img.youtube.com/vi/bZst3encYSs/hqdefault.jpg,"""2026-04-25T18:32:16.640Z"""
101,02. [لفظي] اختصارات القدرات: مهارة المفردة الشاذة - حلقة 11,,nnS02Cgs1xs,Qudurat,General,519,https://img.youtube.com/vi/nnS02Cgs1xs/hqdefault.jpg,"""2026-04-25T18:37:13.705Z"""
102,01. [رياضيات] أ. غشام: تجميعات 2021 (الجزء 1) - حلقة 1,,0E-UdA0IQh8,Tahsili,General,2975,https://img.youtube.com/vi/0E-UdA0IQh8/hqdefault.jpg,"""2026-04-25T19:10:26.341Z"""
103,01. [رياضيات] أ. غشام: تجميعات 2021 (الجزء 2) - حلقة 2,,l5kzgHSgPeg,Tahsili,General,300,https://img.youtube.com/vi/l5kzgHSgPeg/hqdefault.jpg,"""2026-04-25T19:48:02.582Z"""
104,01. [رياضيات] أ. غشام: تجميعات 2021 (الجزء 3) - حلقة 3,,7zvkAqGLezY,Tahsili,General,300,https://img.youtube.com/vi/7zvkAqGLezY/hqdefault.jpg,"""2026-04-25T19:48:30.370Z"""
105,01. [رياضيات] أ. غشام: تجميعات 2021 (الجزء 4) - حلقة 4,,VQRGqvSj91Y,Tahsili,General,300,https://img.youtube.com/vi/VQRGqvSj91Y/hqdefault.jpg,"""2026-04-25T19:48:59.387Z"""
106,01. [رياضيات] أ. غشام: تجميعات 2021 (الجزء 5) - حلقة 5,,5d6dyu_X1Io,Tahsili,General,300,https://img.youtube.com/vi/5d6dyu_X1Io/hqdefault.jpg,"""2026-04-25T19:49:25.678Z"""
107,01. [رياضيات] أ. غشام: تجميعات 2021 (الجزء 6) - حلقة 6,,idjdq8shEn8,Tahsili,General,1435,https://img.youtube.com/vi/idjdq8shEn8/hqdefault.jpg,"""2026-04-25T19:49:59.292Z"""
108,01. [رياضيات] أ. غشام: تجميعات 2021 (الجزء 7) - حلقة 7,,V85fKyzrnxI,Tahsili,General,300,https://img.youtube.com/vi/V85fKyzrnxI/hqdefault.jpg,"""2026-04-25T19:50:32.169Z"""
109,01. [رياضيات] أ. غشام: تجميعات 2021 (الجزء 8) - حلقة 8,,wGAYDd7xyiA,Tahsili,General,300,https://img.youtube.com/vi/wGAYDd7xyiA/hqdefault.jpg,"""2026-04-25T19:50:55.979Z"""
110,01. [رياضيات] أ. غشام: تجميعات 2021 (الجزء 9) - حلقة 9,,npawpA5xBMM,Tahsili,General,300,https://img.youtube.com/vi/npawpA5xBMM/hqdefault.jpg,"""2026-04-25T19:51:32.734Z"""
111,01. [رياضيات] أ. غشام: تجميعات 2021 (الجزء 10) - حلقة 10,,LBkZvzn0LiA,Tahsili,General,300,https://img.youtube.com/vi/LBkZvzn0LiA/hqdefault.jpg,"""2026-04-25T19:52:00.858Z"""
112,01. [رياضيات] أ. غشام: تجميعات 2021 (الجزء 11) - حلقة 11,,VCeG7ZMnt8M,Tahsili,General,300,https://img.youtube.com/vi/VCeG7ZMnt8M/hqdefault.jpg,"""2026-04-25T19:52:27.688Z"""
113,01. [رياضيات] أ. غشام: تجميعات 2021 (الجزء 12) - حلقة 12,,eXY3pbpNixc,Tahsili,General,300,https://img.youtube.com/vi/eXY3pbpNixc/hqdefault.jpg,"""2026-04-25T19:52:55.155Z"""
114,01. [رياضيات] أ. غشام: تجميعات 2021 (الجزء 13) - حلقة 13,,tvMwlf3D7KM,Tahsili,General,300,https://img.youtube.com/vi/tvMwlf3D7KM/hqdefault.jpg,"""2026-04-25T19:53:18.940Z"""
115,01. [رياضيات] أ. غشام: تجميعات 2021 (الجزء 14 والأخير) - حلقة 14,,2QgQx8PKGg4,Tahsili,General,300,https://img.youtube.com/vi/2QgQx8PKGg4/hqdefault.jpg,"""2026-04-25T19:53:43.092Z"""
116,02. [فيزياء] أ. غشام: تجميعات 2026 (مدخل لعلم الفيزياء) - حلقة 1,,S-QJ4zU4EKs,Tahsili,General,300,https://img.youtube.com/vi/S-QJ4zU4EKs/hqdefault.jpg,"""2026-04-25T20:19:51.360Z"""
117,02. [فيزياء] أ. غشام: تجميعات 2026 (الحركة في خط مستقيم ج1) - حلقة 2,,92vjQVZOnMo,Tahsili,General,300,https://img.youtube.com/vi/92vjQVZOnMo/hqdefault.jpg,"""2026-04-25T20:20:20.554Z"""
118,02. [فيزياء] أ. غشام: تجميعات 2026 (الحركة في خط مستقيم ج2) - حلقة 3,,ebUegjPrYXI,Tahsili,General,300,https://img.youtube.com/vi/ebUegjPrYXI/hqdefault.jpg,"""2026-04-25T20:20:48.210Z"""
119,02. [فيزياء] أ. غشام: تجميعات 2026 (القوى في بُعد واحد) - حلقة 4,,v7wMiC10GYU,Tahsili,General,300,https://img.youtube.com/vi/v7wMiC10GYU/hqdefault.jpg,"""2026-04-25T20:21:21.590Z"""
120,02. [فيزياء] أ. غشام: تجميعات 2026 (المتجهات) - حلقة 5,,dr18gpzr4nA,Tahsili,General,300,https://img.youtube.com/vi/dr18gpzr4nA/hqdefault.jpg,"""2026-04-25T20:22:08.443Z"""
121,02. [فيزياء] أ. غشام: تجميعات 2026 (المقذوفات والدائرية والنسبية) - حلقة 6,,6r6pGqf14fM,Tahsili,General,541,https://img.youtube.com/vi/6r6pGqf14fM/hqdefault.jpg,"""2026-04-25T20:22:35.094Z"""
122,02. [فيزياء] أ. غشام: تجميعات 2026 (الجاذبية) - حلقة 7,,Rbtp2-z5gwU,Tahsili,General,300,https://img.youtube.com/vi/Rbtp2-z5gwU/hqdefault.jpg,"""2026-04-25T20:24:23.320Z"""
123,02. [فيزياء] أ. غشام: تجميعات 2026 (الحركة الدورانية) - حلقة 8,,Wd9GG269gQo,Tahsili,General,300,https://img.youtube.com/vi/Wd9GG269gQo/hqdefault.jpg,"""2026-04-25T20:24:50.406Z"""
124,02. [فيزياء] أ. غشام: تجميعات 2026 (الدفع والزخم) - حلقة 9,,_8mhlmJpwww,Tahsili,General,300,https://img.youtube.com/vi/_8mhlmJpwww/hqdefault.jpg,"""2026-04-25T20:25:15.223Z"""
125,02. [فيزياء] أ. غشام: تجميعات 2026 (الشغل والطاقة) - حلقة 10,,3i4qa52pT1A,Tahsili,General,300,https://img.youtube.com/vi/3i4qa52pT1A/hqdefault.jpg,"""2026-04-25T20:25:57.647Z"""
126,02. [فيزياء] أ. غشام: تجميعات 2026 (الآلات والديناميكا الحرارية) - حلقة 11,,ZTJhu6XYUKk,Tahsili,General,300,https://img.youtube.com/vi/ZTJhu6XYUKk/hqdefault.jpg,"""2026-04-25T20:26:37.827Z"""
127,02. [فيزياء] أ. غشام: تجميعات 2026 (الموائع الساكنة والمتحركة) - حلقة 12,,A8Jb9k0erSM,Tahsili,General,300,https://img.youtube.com/vi/A8Jb9k0erSM/hqdefault.jpg,"""2026-04-25T20:27:03.910Z"""
128,02. [فيزياء] أ. غشام: تجميعات 2026 (الاهتزازات والموجات) - حلقة 13,,tmpJDH9OLuM,Tahsili,General,300,https://img.youtube.com/vi/tmpJDH9OLuM/hqdefault.jpg,"""2026-04-25T20:27:35.321Z"""
129,02. [فيزياء] أ. غشام: تجميعات 2026 (الصوت) - حلقة 14,,pq1yUo2CglA,Tahsili,General,300,https://img.youtube.com/vi/pq1yUo2CglA/hqdefault.jpg,"""2026-04-25T20:28:23.212Z"""
130,02. [فيزياء] أ. غشام: تجميعات 2026 (أساسيات الضوء) - حلقة 15,,NOuV1FdwbUA,Tahsili,General,300,https://img.youtube.com/vi/NOuV1FdwbUA/hqdefault.jpg,"""2026-04-25T20:28:49.498Z"""
131,02. [فيزياء] أ. غشام: تجميعات 2026 (الانعكاس والمرايا) - حلقة 16,,URx-fmwUxiI,Tahsili,General,300,https://img.youtube.com/vi/URx-fmwUxiI/hqdefault.jpg,"""2026-04-25T20:29:27.114Z"""
132,02. [فيزياء] أ. غشام: تجميعات 2026 (الانكسار والعدسات) - حلقة 17,,QeSCJFwt3hQ,Tahsili,General,300,https://img.youtube.com/vi/QeSCJFwt3hQ/hqdefault.jpg,"""2026-04-25T20:29:50.143Z"""
133,02. [فيزياء] أ. غشام: تجميعات 2026 (التداخل والحيود) - حلقة 18,,r63MqSBlz90,Tahsili,General,300,https://img.youtube.com/vi/r63MqSBlz90/hqdefault.jpg,"""2026-04-25T20:30:23.123Z"""
134,02. [فيزياء] أ. غشام: تجميعات 2026 (الكهرباء الساكنة) - حلقة 19,,yXjGZuZt5T4,Tahsili,General,300,https://img.youtube.com/vi/yXjGZuZt5T4/hqdefault.jpg,"""2026-04-25T20:30:47.673Z"""
135,02. [فيزياء] أ. غشام: تجميعات 2026 (المجال الكهربائي) - حلقة 20,,f_-wi0IEpmI,Tahsili,General,300,https://img.youtube.com/vi/f_-wi0IEpmI/hqdefault.jpg,"""2026-04-25T20:31:11.563Z"""
136,02. [فيزياء] أ. غشام: تجميعات 2026 (الكهرباء التيارية والدوائر) - حلقة 21,,To1mwobb_YQ,Tahsili,General,300,https://img.youtube.com/vi/To1mwobb_YQ/hqdefault.jpg,"""2026-04-25T20:31:57.132Z"""
137,02. [فيزياء] أ. غشام: تجميعات 2026 (المجالات المغناطيسية) - حلقة 22,,c6uGrNEj0xo,Tahsili,General,300,https://img.youtube.com/vi/c6uGrNEj0xo/hqdefault.jpg,"""2026-04-25T20:32:38.641Z"""
138,02. [فيزياء] أ. غشام: تجميعات 2026 (الحث الكهرومغناطيسي) - حلقة 23,,D6r9CIK-vdQ,Tahsili,General,300,https://img.youtube.com/vi/D6r9CIK-vdQ/hqdefault.jpg,"""2026-04-25T20:33:03.939Z"""
139,02. [فيزياء] أ. غشام: تجميعات 2026 (الكهرومغناطيسية) - حلقة 24,,TyY-BXt81AQ,Tahsili,General,300,https://img.youtube.com/vi/TyY-BXt81AQ/hqdefault.jpg,"""2026-04-25T20:33:29.633Z"""
140,02. [فيزياء] أ. غشام: تجميعات 2026 (نظرية الكم) - حلقة 25,,Ns99nKByw1k,Tahsili,General,300,https://img.youtube.com/vi/Ns99nKByw1k/hqdefault.jpg,"""2026-04-25T20:33:57.696Z"""
141,02. [فيزياء] أ. غشام: تجميعات 2026 (نماذج الذرة والليزر) - حلقة 26,,qUVJl6i4Src,Tahsili,General,300,https://img.youtube.com/vi/qUVJl6i4Src/hqdefault.jpg,"""2026-04-25T20:34:22.535Z"""
142,02. [فيزياء] أ. غشام: تجميعات 2026 (إلكترونيات الحالة الصلبة) - حلقة 27,,tE7dzHFDVqA,Tahsili,General,300,https://img.youtube.com/vi/tE7dzHFDVqA/hqdefault.jpg,"""2026-04-25T20:38:34.701Z"""
143,02. [فيزياء] أ. غشام: تجميعات 2026 (الفيزياء النووية) - حلقة 28,,WQjNpPNfNZM,Tahsili,General,300,https://img.youtube.com/vi/WQjNpPNfNZM/hqdefault.jpg,"""2026-04-25T20:38:58.370Z"""
144,03. [أحياء] أ. غشام: تجميعات أول ثانوي ج1 (2026) - حلقة 1,,D9e7i06zA5c,Tahsili,General,1858,https://img.youtube.com/vi/D9e7i06zA5c/hqdefault.jpg,"""2026-04-25T21:04:58.305Z"""
145,03. [أحياء] أ. غشام: تجميعات أول ثانوي ج2 (2026) - حلقة 2,,bkFfRUlWLjo,Tahsili,General,300,https://img.youtube.com/vi/bkFfRUlWLjo/hqdefault.jpg,"""2026-04-25T21:06:36.827Z"""
146,03. [أحياء] أ. غشام: تجميعات أول ثانوي ج3 (2026) - حلقة 3,,MNi8IYnEX4o,Tahsili,General,300,https://img.youtube.com/vi/MNi8IYnEX4o/hqdefault.jpg,"""2026-04-25T21:07:03.811Z"""
147,03. [أحياء] أ. غشام: تجميعات ثاني ثانوي الفصل الأول (2026) - حلقة 4,,DXvEcm6ylBs,Tahsili,General,300,https://img.youtube.com/vi/DXvEcm6ylBs/hqdefault.jpg,"""2026-04-25T21:07:51.428Z"""
148,03. [أحياء] أ. غشام: الجهاز الهيكلي والعضلي (2026) - حلقة 5,,isYGmXPv-2w,Tahsili,General,300,https://img.youtube.com/vi/isYGmXPv-2w/hqdefault.jpg,"""2026-04-25T21:08:19.333Z"""
149,03. [أحياء] أ. غشام: الجهاز العصبي (2026) - حلقة 6,,jYVIuVgUbiI,Tahsili,General,300,https://img.youtube.com/vi/jYVIuVgUbiI/hqdefault.jpg,"""2026-04-25T21:08:58.061Z"""
150,03. [أحياء] أ. غشام: أجهزة الدوران والتنفس والإخراج (2026) - حلقة 7,,yOZ_2oAXTmQ,Tahsili,General,300,https://img.youtube.com/vi/yOZ_2oAXTmQ/hqdefault.jpg,"""2026-04-25T21:09:25.911Z"""
151,03. [أحياء] أ. غشام: جهاز الهضم والغدد الصم (2026) - حلقة 8,,aVpl2V38HoM,Tahsili,General,300,https://img.youtube.com/vi/aVpl2V38HoM/hqdefault.jpg,"""2026-04-25T21:09:54.479Z"""
152,03. [أحياء] أ. غشام: أجهزة التكاثر والنمو في الإنسان (2026) - حلقة 9,,2Xpip8_oXP8,Tahsili,General,300,https://img.youtube.com/vi/2Xpip8_oXP8/hqdefault.jpg,"""2026-04-25T21:10:25.231Z"""
153,03. [أحياء] أ. غشام: جهاز المناعة (2026) - حلقة 10,,WEearark4gI,Tahsili,General,300,https://img.youtube.com/vi/WEearark4gI/hqdefault.jpg,"""2026-04-25T21:11:00.228Z"""
154,03. [أحياء] أ. غشام: التكاثر الخلوي ودورة الخلية (2026) - حلقة 11,,moiA3fWMNX4,Tahsili,General,300,https://img.youtube.com/vi/moiA3fWMNX4/hqdefault.jpg,"""2026-04-25T21:11:30.291Z"""
155,03. [أحياء] أ. غشام: الوراثة المندلية (2026) - حلقة 12,,CRhZPFFd90o,Tahsili,General,300,https://img.youtube.com/vi/CRhZPFFd90o/hqdefault.jpg,"""2026-04-25T21:12:18.594Z"""
156,03. [أحياء] أ. غشام: الاختلالات الوراثية ومخطط السلالة (2026) - حلقة 13,,Mi-U_ugIvbs,Tahsili,General,300,https://img.youtube.com/vi/Mi-U_ugIvbs/hqdefault.jpg,"""2026-04-25T21:12:42.424Z"""
157,03. [أحياء] أ. غشام: أنماط وراثية معقدة وصفات مرتبطة بالجنس (2026) - حلقة 14,,zY6zeSbYtHk,Tahsili,General,300,https://img.youtube.com/vi/zY6zeSbYtHk/hqdefault.jpg,"""2026-04-25T21:13:07.042Z"""
158,03. [أحياء] أ. غشام: الوراثة الجزيئية (2026) - حلقة 15,,PdF_eg_FCbg,Tahsili,General,300,https://img.youtube.com/vi/PdF_eg_FCbg/hqdefault.jpg,"""2026-04-25T21:13:37.820Z"""
159,03. [أحياء] أ. غشام: علم البيئة والعلاقات بين المخلوقات (2026) - حلقة 16,,PaU8xWy0hW4,Tahsili,General,300,https://img.youtube.com/vi/PaU8xWy0hW4/hqdefault.jpg,"""2026-04-25T21:14:03.556Z"""
160,03. [أحياء] أ. غشام: المناطق الحيوية والأنظمة البيئية (2026) - حلقة 17,,i-izZUR1e7o,Tahsili,General,300,https://img.youtube.com/vi/i-izZUR1e7o/hqdefault.jpg,"""2026-04-25T21:14:45.454Z"""
161,03. [أحياء] أ. غشام: خصائص الجماعة الحيوية (2026) - حلقة 18,,G8H_HXHtdq0,Tahsili,General,300,https://img.youtube.com/vi/G8H_HXHtdq0/hqdefault.jpg,"""2026-04-25T21:15:09.212Z"""
162,03. [أحياء] أ. غشام: التنوع الحيوي (2026) - حلقة 19,,p_48026nco8,Tahsili,General,300,https://img.youtube.com/vi/p_48026nco8/hqdefault.jpg,"""2026-04-25T21:15:47.682Z"""
163,03. [أحياء] أ. غشام: سلوك الحيوان (2026) - حلقة 20,,FkYvi448uyc,Tahsili,General,300,https://img.youtube.com/vi/FkYvi448uyc/hqdefault.jpg,"""2026-04-25T21:16:12.056Z"""
164,04. [كيمياء] أ. غشام: تجميعات 2026 (أول ثانوي ج1) - حلقة 1,,xyNJeUZ0Mz0,Tahsili,General,5527,https://img.youtube.com/vi/xyNJeUZ0Mz0/hqdefault.jpg,"""2026-04-25T21:21:42.231Z"""
165,04. [كيمياء] أ. غشام: تجميعات 2026 (أول ثانوي ج2) - حلقة 2,,CgNlcSXUvTs,Tahsili,General,300,https://img.youtube.com/vi/CgNlcSXUvTs/hqdefault.jpg,"""2026-04-25T21:22:23.582Z"""
166,04. [كيمياء] أ. غشام: تجميعات 2026 (أول ثانوي ج2 مكرر) - حلقة 3,,gdR3ubr9SNs,Tahsili,General,300,https://img.youtube.com/vi/gdR3ubr9SNs/hqdefault.jpg,"""2026-04-25T21:22:52.455Z"""
167,04. [كيمياء] أ. غشام: تجميعات 2026 (ثاني ثانوي ف1 ج1) - حلقة 4,,94_01wgHe98,Tahsili,General,300,https://img.youtube.com/vi/94_01wgHe98/hqdefault.jpg,"""2026-04-25T21:23:19.067Z"""
168,00. [توجيه] اختصارات القدرات: اختباري بكرة؟ 4 استراتيجيات ذهبية,,sBa24KM4c_c,General,General,337,https://img.youtube.com/vi/sBa24KM4c_c/hqdefault.jpg,"""2026-04-25T21:29:48.603Z"""
169,00. [نصائح] اختصارات القدرات: 3 نصائح من 3 كتب عالمية - حلقة 1,,GMv0TdCses0,General,General,300,https://img.youtube.com/vi/GMv0TdCses0/hqdefault.jpg,"""2026-04-25T21:33:08.847Z"""
170, 00. [نصائح] اختصارات القدرات: 6 نصائح لضمان هدفك - حلقة 2,,iZ9rjL8Tky4,General,General,300,https://img.youtube.com/vi/iZ9rjL8Tky4/hqdefault.jpg,"""2026-04-25T21:33:36.058Z"""
171,00. [نصائح] اختصارات القدرات: تنبيهات هامة لاختبار الورقي - حلقة 3,,FICA27nMMXA,General,General,398,https://img.youtube.com/vi/FICA27nMMXA/hqdefault.jpg,"""2026-04-25T21:34:02.234Z"""
172, 00. [نصائح] اختصارات القدرات: 3 أسرار لكسر ثبات الدرجة - حلقة 5,,mHPbKhXhS00,General,General,300,https://img.youtube.com/vi/mHPbKhXhS00/hqdefault.jpg,"""2026-04-25T21:35:01.751Z"""
173,00. [نصائح] اختصارات القدرات: كيف تحقق 99 في الاختبارات؟ - حلقة 6,,OA98a31cvTo,General,General,300,https://img.youtube.com/vi/OA98a31cvTo/hqdefault.jpg,"""2026-04-25T21:35:36.529Z"""
174,00. [نصائح] اختصارات القدرات: 5 نصائح للوصول لـ +90 - حلقة 7,,KbUfXph-WJA,General,General,300,https://img.youtube.com/vi/KbUfXph-WJA/hqdefault.jpg,"""2026-04-25T21:36:07.714Z"""
175,00. [نصائح] اختصارات القدرات: أهم الأسئلة الشائعة 2024 - حلقة 4,,BOJwMbDxuYA,General,General,300,https://img.youtube.com/vi/BOJwMbDxuYA/hqdefault.jpg,"""2026-04-25T21:38:28.065Z"""
176,01. [رياضيات] أول ثانوي: التبرير الاستقرائي والتخمين - حلقة 1,,bBlrYu3cX6o,Secondary,General,300,https://img.youtube.com/vi/bBlrYu3cX6o/hqdefault.jpg,"""2026-04-25T21:52:19.197Z"""
177,01. [رياضيات] أول ثانوي: المنطق - حلقة 2,,sa1-lAaS0-4,Secondary,General,300,https://img.youtube.com/vi/sa1-lAaS0-4/hqdefault.jpg,"""2026-04-25T21:53:36.089Z"""
178,01. [رياضيات] أول ثانوي: العبارات الشرطية - حلقة 3,,bhlaM5ihErQ,Secondary,General,300,https://img.youtube.com/vi/bhlaM5ihErQ/hqdefault.jpg,"""2026-04-25T21:54:34.383Z"""
179,01. [رياضيات] أول ثانوي: التبرير الاستنتاجي - حلقة 4,,FPyLdKf-SpQ,Secondary,General,300,https://img.youtube.com/vi/FPyLdKf-SpQ/hqdefault.jpg,"""2026-04-25T21:55:04.181Z"""
180,01. [رياضيات] أول ثانوي: المسلمات والبراهين الحرة - حلقة 5,,Nmlr5gFr7Nk,Secondary,General,300,https://img.youtube.com/vi/Nmlr5gFr7Nk/hqdefault.jpg,"""2026-04-25T21:55:45.112Z"""
181,01. [رياضيات] أول ثانوي: المسلمات و البراهين الحرة (أمثلة) - حلقة 6,,sjmjP5-AyhQ,Secondary,General,300,https://img.youtube.com/vi/sjmjP5-AyhQ/hqdefault.jpg,"""2026-04-25T21:59:07.858Z"""
182,01. [رياضيات] أول ثانوي: البرهان الجبري - حلقة 7,,SHBdDxiAijc,Secondary,General,300,https://img.youtube.com/vi/SHBdDxiAijc/hqdefault.jpg,"""2026-04-25T21:59:57.711Z"""
183,01. [رياضيات] أول ثانوي: المستقيمان المتوازيان و القاطع - حلقة 8,,eP1ffHvDPiY,Secondary,General,300,https://img.youtube.com/vi/eP1ffHvDPiY/hqdefault.jpg,"""2026-04-25T22:02:28.299Z"""
184,01. [رياضيات] أول ثانوي: إثبات علاقات بين الزوايا - حلقة 9,,Vt1UYhhQc2w,Secondary,General,300,https://img.youtube.com/vi/Vt1UYhhQc2w/hqdefault.jpg,"""2026-04-25T22:03:41.990Z"""
185,01. [رياضيات] أول ثانوي: ميل المستقيم - حلقة 10,,9gi3s-fA84M,Secondary,General,300,https://img.youtube.com/vi/9gi3s-fA84M/hqdefault.jpg,"""2026-04-25T22:04:40.621Z"""
186,01. [رياضيات] أول ثانوي: معادلة المستقيم - حلقة 11,,dMuOQKtV_Zg,Secondary,General,300,https://img.youtube.com/vi/dMuOQKtV_Zg/hqdefault.jpg,"""2026-04-25T22:05:31.355Z"""
187,01. [رياضيات] أول ثانوي: مراجعة الرياضيات الفصل الأول - حلقة 12,,ldKFU7myKDo,Secondary,General,300,https://img.youtube.com/vi/ldKFU7myKDo/hqdefault.jpg,"""2026-04-25T22:06:54.814Z"""
188,01. [رياضيات] واضح: المضلعات المتشابهة (الفصل 3) - حلقة 1,,YFaYZrOajkM,Secondary,General,300,https://img.youtube.com/vi/YFaYZrOajkM/hqdefault.jpg,"""2026-04-25T22:13:49.969Z"""
189,01. [رياضيات] واضح: المثلثات المتشابهة - ج1 (الفصل 3) - حلقة 2,,NdVGkblFuCQ,Secondary,General,300,https://img.youtube.com/vi/NdVGkblFuCQ/hqdefault.jpg,"""2026-04-25T22:14:23.233Z"""
190,01. [رياضيات] واضح: المثلثات المتشابهة - ج2 (الفصل 3) - حلقة 3,,Yz1AXnhln5E,Secondary,General,300,https://img.youtube.com/vi/Yz1AXnhln5E/hqdefault.jpg,"""2026-04-25T22:15:00.135Z"""
191,01. [رياضيات] واضح: المستقيمات المتوازية والأجزاء المتناسبة (الفصل 3) - حلقة 4,,lNCat68zUS0,Secondary,General,300,https://img.youtube.com/vi/lNCat68zUS0/hqdefault.jpg,"""2026-04-25T22:15:29.516Z"""
192,01. [رياضيات] واضح: عناصر المثلثات المتشابهة (الفصل 3) - حلقة 5,,gPZQS7Obits,Secondary,General,300,https://img.youtube.com/vi/gPZQS7Obits/hqdefault.jpg,"""2026-04-25T22:16:03.935Z"""
193,01. [رياضيات] واضح: الانعكاس - الجزء 1 (الفصل 3) - حلقة 6,,EcCNB7vgyZc,Secondary,General,300,https://img.youtube.com/vi/EcCNB7vgyZc/hqdefault.jpg,"""2026-04-25T22:16:35.431Z"""
194,01. [رياضيات] واضح: الانعكاس - الجزء 2 (الفصل 3) - حلقة 7,,2PT5JQnA7GA,Secondary,General,300,https://img.youtube.com/vi/2PT5JQnA7GA/hqdefault.jpg,"""2026-04-25T22:17:20.038Z"""
195,01. [رياضيات] واضح: الإزاحة أو الانسحاب (الفصل 3) - حلقة 8,,8LpQQJx6jJI,Secondary,General,300,https://img.youtube.com/vi/8LpQQJx6jJI/hqdefault.jpg,"""2026-04-25T22:17:50.908Z"""
196,01. [رياضيات] واضح: الدوران (الفصل 3) - حلقة 9,,crBEdaVG2NQ,Secondary,General,300,https://img.youtube.com/vi/crBEdaVG2NQ/hqdefault.jpg,"""2026-04-25T22:18:20.729Z"""
197,01. [رياضيات] واضح: تركيب التحويلات الهندسية (الفصل 3) - حلقة 10,,HMQox0RdtJ4,Secondary,General,300,https://img.youtube.com/vi/HMQox0RdtJ4/hqdefault.jpg,"""2026-04-25T22:18:51.049Z"""
198,01. [رياضيات] واضح: التماثل (الفصل 3) - حلقة 11,,L26dihsGY7U,Secondary,General,300,https://img.youtube.com/vi/L26dihsGY7U/hqdefault.jpg,"""2026-04-25T22:19:25.120Z"""
199,01. [رياضيات] واضح: التمدد (الفصل 3) - حلقة 12,,EEoUnxxk_SQ,Secondary,General,300,https://img.youtube.com/vi/EEoUnxxk_SQ/hqdefault.jpg,"""2026-04-25T22:20:03.956Z"""
200,01. [رياضيات] واضح: الدائرة ومحيطها (الفصل 3) - حلقة 13,,BAeEr43ztN4,Secondary,General,300,https://img.youtube.com/vi/BAeEr43ztN4/hqdefault.jpg,"""2026-04-25T22:20:58.238Z"""
201,حلقة 14: 04. [رياضيات] واضح: قياس الزوايا والأقواس (الفصل 3) - حلقة 14,,_ExxwWfGXyk,Secondary,General,300,https://img.youtube.com/vi/_ExxwWfGXyk/hqdefault.jpg,"""2026-04-25T22:21:32.839Z"""
202,01. [رياضيات] واضح: الأقواس والأوتار (الفصل 3) - حلقة 15,,BFDSvFqZBzA,Secondary,General,300,https://img.youtube.com/vi/BFDSvFqZBzA/hqdefault.jpg,"""2026-04-25T22:22:08.294Z"""
203,01. [رياضيات] واضح: الزوايا المحيطية (الفصل 3) - حلقة 16,,C98QxXvjJh8,Secondary,General,300,https://img.youtube.com/vi/C98QxXvjJh8/hqdefault.jpg,"""2026-04-25T22:22:39.222Z"""
204,01. [رياضيات] واضح: المماسات (الفصل 3) - حلقة 17,,7z14a2BUeQA,Secondary,General,300,https://img.youtube.com/vi/7z14a2BUeQA/hqdefault.jpg,"""2026-04-25T22:23:08.203Z"""
205,01. [رياضيات] واضح: القاطع والمماس وقياسات الزوايا (الفصل 3) - حلقة 18,,Jieck7_MMNs,Secondary,General,300,https://img.youtube.com/vi/Jieck7_MMNs/hqdefault.jpg,"""2026-04-25T22:23:42.405Z"""
206,01. [رياضيات] واضح: قطع مستقيمة خاصة في الدائرة (الفصل 3) - حلقة 19,,MYkSHWTRJfc,Secondary,General,300,https://img.youtube.com/vi/MYkSHWTRJfc/hqdefault.jpg,"""2026-04-25T22:24:11.411Z"""
207,01. [رياضيات] واضح: معادلة الدائرة (الفصل 3) - حلقة 20,,jL99ETQXu-8,Secondary,General,300,https://img.youtube.com/vi/jL99ETQXu-8/hqdefault.jpg,"""2026-04-25T22:24:42.773Z"""
208,01. [رياضيات] أول ثانوي - الفصل 2 (واضح): تصنيف المثلثات - حلقة 1,,1fchc3_-KYg,Secondary,General,300,https://img.youtube.com/vi/1fchc3_-KYg/hqdefault.jpg,"""2026-04-25T22:33:51.851Z"""
209,01. [رياضيات] أول ثانوي - الفصل 2 (واضح): زوايا المثلثات - حلقة 2,,gu8vAlwImDQ,Secondary,General,300,https://img.youtube.com/vi/gu8vAlwImDQ/hqdefault.jpg,"""2026-04-25T22:34:26.863Z"""
210,01. [رياضيات] أول ثانوي - الفصل 2 (واضح): المثلثات المتطابقة - حلقة 3,,af48nWdnsHc,Secondary,General,300,https://img.youtube.com/vi/af48nWdnsHc/hqdefault.jpg,"""2026-04-25T22:34:54.711Z"""
211,"01. [رياضيات] أول ثانوي - الفصل 2 (واضح): إثبات تطابق المثلثات SSS, SAS - حلقة 4",,8YBcjarXvy8,Secondary,General,300,https://img.youtube.com/vi/8YBcjarXvy8/hqdefault.jpg,"""2026-04-25T22:35:22.186Z"""
212,"01. [رياضيات] أول ثانوي - الفصل 2 (واضح): إثبات تطابق المثلثات ASA, AAS - حلقة 5",,4PXZju2agwU,Secondary,General,300,https://img.youtube.com/vi/4PXZju2agwU/hqdefault.jpg,"""2026-04-25T22:35:46.343Z"""
213,01. [رياضيات] أول ثانوي - الفصل 2 (واضح): المثلثات متطابقة الضلعين والأضلاع - حلقة 6,,tV5o3-CFvJE,Secondary,General,300,https://img.youtube.com/vi/tV5o3-CFvJE/hqdefault.jpg,"""2026-04-25T22:36:23.973Z"""
214,01. [رياضيات] أول ثانوي - الفصل 2 (واضح): المثلثات والبرهان الإحداثي - حلقة 7,,rH0HhkwJSWA,Secondary,General,300,https://img.youtube.com/vi/rH0HhkwJSWA/hqdefault.jpg,"""2026-04-25T22:36:50.705Z"""
215,01. [رياضيات] أول ثانوي - الفصل 2 (واضح): المنصفات في المثلث (1) - حلقة 8,,zS-u4b5MXVo,Secondary,General,300,https://img.youtube.com/vi/zS-u4b5MXVo/hqdefault.jpg,"""2026-04-25T22:37:19.673Z"""
216,01. [رياضيات] أول ثانوي - الفصل 2 (واضح): المنصفات في المثلث (2) - حلقة 9,,3SkPk5CMJXU,Secondary,General,300,https://img.youtube.com/vi/3SkPk5CMJXU/hqdefault.jpg,"""2026-04-25T22:37:46.905Z"""
217,01. [رياضيات] أول ثانوي - الفصل 2 (واضح): القطع المتوسطة والارتفاعات (1) - حلقة 10,,XHLq25HWsIg,Secondary,General,300,https://img.youtube.com/vi/XHLq25HWsIg/hqdefault.jpg,"""2026-04-25T22:38:10.074Z"""
218,01. [رياضيات] أول ثانوي - الفصل 2 (واضح): القطع المتوسطة والارتفاعات (2) - حلقة 11,,XHLq25HWsIg,Secondary,General,300,https://img.youtube.com/vi/XHLq25HWsIg/hqdefault.jpg,"""2026-04-25T22:39:58.352Z"""
219,01. [رياضيات] أول ثانوي - الفصل 2 (واضح): المتباينات في المثلث - حلقة 12,,beaCi9AxngU,Secondary,General,300,https://img.youtube.com/vi/beaCi9AxngU/hqdefault.jpg,"""2026-04-25T22:40:26.349Z"""
220,01. [رياضيات] أول ثانوي - الفصل 2 (واضح): البرهان غير المباشر - حلقة 13,,IOzgYEEVI_E,Secondary,General,300,https://img.youtube.com/vi/IOzgYEEVI_E/hqdefault.jpg,"""2026-04-25T22:41:07.771Z"""
221,01. [رياضيات] أول ثانوي - الفصل 2 (واضح): متباينة المثلث - حلقة 14,,wjb92PWiXcs,Secondary,General,300,https://img.youtube.com/vi/wjb92PWiXcs/hqdefault.jpg,"""2026-04-25T22:41:33.592Z"""
222,01. [رياضيات] أول ثانوي - الفصل 2 (واضح): المتباينات في مثلثين - حلقة 15,,v5iDXOECHJE,Secondary,General,300,https://img.youtube.com/vi/v5iDXOECHJE/hqdefault.jpg,"""2026-04-25T22:41:59.835Z"""
223,01. [رياضيات] أول ثانوي - الفصل 2 (واضح): زوايا المضلع - حلقة 16,,8HRcqJc9jgo,Secondary,General,300,https://img.youtube.com/vi/8HRcqJc9jgo/hqdefault.jpg,"""2026-04-25T22:42:43.747Z"""
224,01. [رياضيات] أول ثانوي - الفصل 2 (واضح): متوازي الأضلاع - حلقة 17,,asnDmg9bZ4c,Secondary,General,300,https://img.youtube.com/vi/asnDmg9bZ4c/hqdefault.jpg,"""2026-04-25T22:43:12.220Z"""
225,01. [رياضيات] أول ثانوي - الفصل 2 (واضح): تمييز متوازي الأضلاع - حلقة 18,,oO3HcZEtjpE,Secondary,General,300,https://img.youtube.com/vi/oO3HcZEtjpE/hqdefault.jpg,"""2026-04-25T22:43:47.623Z"""
226,01. [رياضيات] أول ثانوي - الفصل 2 (واضح): المستطيل - حلقة 19,,2EqIp3sN3UI,Secondary,General,300,https://img.youtube.com/vi/2EqIp3sN3UI/hqdefault.jpg,"""2026-04-25T22:44:15.598Z"""
227,01. [رياضيات] أول ثانوي - الفصل 2 (واضح): المعين والمربع - حلقة 20,,FPPjXsoC894,Secondary,General,300,https://img.youtube.com/vi/FPPjXsoC894/hqdefault.jpg,"""2026-04-25T22:44:46.416Z"""
228,01. [رياضيات] أول ثانوي - الفصل 2 (واضح): شبه المنحرف وطائرة الورق - حلقة 21,,a2DZoY_hkbk,Secondary,General,300,https://img.youtube.com/vi/a2DZoY_hkbk/hqdefault.jpg,"""2026-04-25T22:45:35.078Z"""
229,01. [رياضيات] واضح: مقدمة في المتجهات (ثالث ثانوي - ف3) - حلقة 1,,CFRTNEkaW0A,Secondary,General,300,https://img.youtube.com/vi/CFRTNEkaW0A/hqdefault.jpg,"""2026-04-25T22:51:51.390Z"""
230,01. [رياضيات] واضح: العمليات على المتجهات (ثالث ثانوي - ف3) - حلقة 2,,UIYodFUSZJw,Secondary,General,300,https://img.youtube.com/vi/UIYodFUSZJw/hqdefault.jpg,"""2026-04-25T22:52:33.193Z"""
231,01. [رياضيات] واضح: المتجهات في المستوى الإحداثي (ثالث ثانوي - ف3) - حلقة 3,,xCjeFKBKazg,Secondary,General,300,https://img.youtube.com/vi/xCjeFKBKazg/hqdefault.jpg,"""2026-04-25T22:53:10.979Z"""
232,01. [رياضيات] واضح: متجه الوحدة (ثالث ثانوي - ف3) - حلقة 4,,BxF9Tg8A8yU,Secondary,General,300,https://img.youtube.com/vi/BxF9Tg8A8yU/hqdefault.jpg,"""2026-04-25T22:54:24.126Z"""
233,01. [رياضيات] واضح: الضرب الداخلي (ثالث ثانوي - ف3) - حلقة 5,,IopTKPFX1uQ,Secondary,General,300,https://img.youtube.com/vi/IopTKPFX1uQ/hqdefault.jpg,"""2026-04-25T22:54:49.792Z"""
234,01. [رياضيات] واضح: المتجهات في الفضاء ثلاثي الأبعاد (ثالث ثانوي - ف3) - حلقة 6,,dgidC9sC7nI,Secondary,General,300,https://img.youtube.com/vi/dgidC9sC7nI/hqdefault.jpg,"""2026-04-25T22:55:28.881Z"""
235,01. [رياضيات] واضح: العمليات على المتجهات في الفضاء (ثالث ثانوي - ف3) - حلقة 7,,HfieO-8do6A,Secondary,General,300,https://img.youtube.com/vi/HfieO-8do6A/hqdefault.jpg,"""2026-04-25T22:56:08.450Z"""
236,01. [رياضيات] واضح: الضرب الداخلي والاتجاهي في الفضاء (ثالث ثانوي - ف3) - حلقة 8,,2MDEU0JEr00,Secondary,General,300,https://img.youtube.com/vi/2MDEU0JEr00/hqdefault.jpg,"""2026-04-25T22:56:41.379Z"""
237,01. [رياضيات] واضح: مساحة متوازي الأضلاع (ثالث ثانوي - ف3) - حلقة 9,,G8L8rGp--qg,Secondary,General,300,https://img.youtube.com/vi/G8L8rGp--qg/hqdefault.jpg,"""2026-04-25T22:57:19.327Z"""
238,01. [رياضيات] واضح: الإحداثيات القطبية - ج1 (ثالث ثانوي - ف3) - حلقة 10,,8vZkPxYPwNM,Secondary,General,300,https://img.youtube.com/vi/8vZkPxYPwNM/hqdefault.jpg,"""2026-04-25T22:57:52.706Z"""
239,01. [رياضيات] واضح: الإحداثيات القطبية - ج2 (ثالث ثانوي - ف3) - حلقة 11,,jb4bK5pWcLw,Secondary,General,300,https://img.youtube.com/vi/jb4bK5pWcLw/hqdefault.jpg,"""2026-04-25T22:58:20.440Z"""
240,01. [رياضيات] واضح: الصور القطبية والديكارتية للمعادلات - ج1 (ثالث ثانوي - ف3) - حلقة 12,,hyBcFdeBDUI,Secondary,General,300,https://img.youtube.com/vi/hyBcFdeBDUI/hqdefault.jpg,"""2026-04-25T22:58:50.201Z"""
241,01. [رياضيات] واضح: الصور القطبية والديكارتية للمعادلات - ج2 (ثالث ثانوي - ف3) - حلقة 13,,d2Yfh8F6W90,Secondary,General,300,https://img.youtube.com/vi/d2Yfh8F6W90/hqdefault.jpg,"""2026-04-25T22:59:33.524Z"""
242,01. [رياضيات] واضح: الأعداد المركبة ونظرية ديموافر - ج1 (ثالث ثانوي - ف3) - حلقة 14,,Gcz4FvUIOl4,Secondary,General,300,https://img.youtube.com/vi/Gcz4FvUIOl4/hqdefault.jpg,"""2026-04-25T23:00:07.568Z"""
243,01. [رياضيات] واضح: الأعداد المركبة ونظرية ديموافر - ج2 (ثالث ثانوي - ف3) - حلقة 15,,HsewRSLBub4,Secondary,General,300,https://img.youtube.com/vi/HsewRSLBub4/hqdefault.jpg,"""2026-04-25T23:00:34.771Z"""
244,01. [رياضيات] واضح: الدراسات المسحية والتجريبية والقائمة على الملاحظة (ثالث ثانوي - ف3) - حلقة 16,,yS5ztntUSGU,Secondary,General,300,https://img.youtube.com/vi/yS5ztntUSGU/hqdefault.jpg,"""2026-04-25T23:01:10.654Z"""
245,01. [رياضيات] واضح: التحليل الإحصائي (ثالث ثانوي - ف3) - حلقة 17,,d47JMc-ljUk,Secondary,General,300,https://img.youtube.com/vi/d47JMc-ljUk/hqdefault.jpg,"""2026-04-25T23:01:34.239Z"""
246,01. [رياضيات] واضح: الاحتمال المشروط (ثالث ثانوي - ف3) - حلقة 18,,4zJK6qe5YTo,Secondary,General,300,https://img.youtube.com/vi/4zJK6qe5YTo/hqdefault.jpg,"""2026-04-25T23:02:01.678Z"""
247,01. [رياضيات] واضح: الاحتمال والتوزيعات الاحتمالية (ثالث ثانوي - ف3) - حلقة 19,,p0jR2fqiD9s,Secondary,General,300,https://img.youtube.com/vi/p0jR2fqiD9s/hqdefault.jpg,"""2026-04-25T23:02:32.436Z"""
248,01. [رياضيات] واضح: التوزيع الطبيعي (ثالث ثانوي - ف3) - حلقة 20,,w_w38tVBfP0,Secondary,General,300,https://img.youtube.com/vi/w_w38tVBfP0/hqdefault.jpg,"""2026-04-25T23:03:02.517Z"""
249,01. [رياضيات] واضح: تجربة ذات الحدين (ثالث ثانوي - ف3) - حلقة 21,,LmfURc_Jdg8,Secondary,General,300,https://img.youtube.com/vi/LmfURc_Jdg8/hqdefault.jpg,"""2026-04-25T23:03:32.474Z"""
250,01. [رياضيات] واضح: تقدير النهايات بيانياً - ج1 (ثالث ثانوي - ف3) - حلقة 22,,kCxFQ1GHDN4,Secondary,General,300,https://img.youtube.com/vi/kCxFQ1GHDN4/hqdefault.jpg,"""2026-04-25T23:04:07.862Z"""
251,01. [رياضيات] واضح: تقدير النهايات بيانياً - ج2 (ثالث ثانوي - ف3) - حلقة 23,,clsgVc2HSbM,Secondary,General,300,https://img.youtube.com/vi/clsgVc2HSbM/hqdefault.jpg,"""2026-04-25T23:05:10.664Z"""
252,01. [رياضيات] واضح: حساب النهايات جبرياً - ج1 (ثالث ثانوي - ف3) - حلقة 24,,xwQlpLk3BAc,Secondary,General,300,https://img.youtube.com/vi/xwQlpLk3BAc/hqdefault.jpg,"""2026-04-25T23:05:46.335Z"""
253,01. [رياضيات] واضح: حساب النهايات جبرياً - ج2 (ثالث ثانوي - ف3) - حلقة 25,,6LHLl70Hw1A,Secondary,General,300,https://img.youtube.com/vi/6LHLl70Hw1A/hqdefault.jpg,"""2026-04-25T23:06:14.616Z"""
254,01. [رياضيات] واضح: المماس والسرعة المتجهة (ثالث ثانوي - ف3) - حلقة 26,,eLuxsh6-BEI,Secondary,General,300,https://img.youtube.com/vi/eLuxsh6-BEI/hqdefault.jpg,"""2026-04-25T23:06:40.968Z"""
255,01. [رياضيات] واضح: المشتقات - ج1 (ثالث ثانوي - ف3) - حلقة 27,,tAl6e4ok99Y,Secondary,General,300,https://img.youtube.com/vi/tAl6e4ok99Y/hqdefault.jpg,"""2026-04-25T23:07:13.467Z"""
256,01. [رياضيات] واضح: المشتقات - ج2 (ثالث ثانوي - ف3) - حلقة 28,,z-WwEXXAj7c,Secondary,General,300,https://img.youtube.com/vi/z-WwEXXAj7c/hqdefault.jpg,"""2026-04-25T23:09:20.664Z"""
257,01. [رياضيات] واضح: المساحة تحت المنحنى والتكامل - ج1 (ثالث ثانوي - ف3) - حلقة 29,,5wJM5bZDbBM,Secondary,General,300,https://img.youtube.com/vi/5wJM5bZDbBM/hqdefault.jpg,"""2026-04-25T23:09:47.690Z"""
258,01. [رياضيات] واضح: المساحة تحت المنحنى والتكامل - ج2 (ثالث ثانوي - ف3) - حلقة 30,,jH90tjTiPco,Secondary,General,300,https://img.youtube.com/vi/jH90tjTiPco/hqdefault.jpg,"""2026-04-25T23:10:49.007Z"""
259,01. [رياضيات] واضح: النظرية الأساسية في التفاضل والتكامل - ج1 (ثالث ثانوي - ف3) - حلقة 31,,A_1ezBYP4Ao,Secondary,General,300,https://img.youtube.com/vi/A_1ezBYP4Ao/hqdefault.jpg,"""2026-04-25T23:11:14.247Z"""
260,01. [رياضيات] واضح: النظرية الأساسية في التفاضل والتكامل - ج2 (ثالث ثانوي - ف3) - حلقة 32,,XPe7Eg8sc58,Secondary,General,300,https://img.youtube.com/vi/XPe7Eg8sc58/hqdefault.jpg,"""2026-04-25T23:11:47.166Z"""
261,02. [فيزياء] واضح: الرياضيات والفيزياء (أول ثانوي/ ف1) - حلقة 1,,YtCZ4BlRoDA,Secondary,General,300,https://img.youtube.com/vi/YtCZ4BlRoDA/hqdefault.jpg,"""2026-04-26T03:21:35.427Z"""
262,02. [فيزياء] واضح: القياس - شرح الدرس (أول ثانوي/ ف1) - حلقة 2,,XpvQGu5P97c,Secondary,General,300,https://img.youtube.com/vi/XpvQGu5P97c/hqdefault.jpg,"""2026-04-26T03:22:15.371Z"""
263,02. [فيزياء] واضح: القياس - مسائل تدريبية (أول ثانوي/ ف1) - حلقة 3,,bkNiUltxx4g,Secondary,General,300,https://img.youtube.com/vi/bkNiUltxx4g/hqdefault.jpg,"""2026-04-26T03:23:05.555Z"""
264,02. [فيزياء] واضح: الدقة والضبط والمراجعة (أول ثانوي/ ف1) - حلقة 4,,lcpusGdNJes,Secondary,General,300,https://img.youtube.com/vi/lcpusGdNJes/hqdefault.jpg,"""2026-04-26T03:23:40.037Z"""
265, 02. [فيزياء] واضح: تصوير الحركة (أول ثانوي/ ف1) - حلقة 5,,SN9FEGQ8JPw,Secondary,General,300,https://img.youtube.com/vi/SN9FEGQ8JPw/hqdefault.jpg,"""2026-04-26T03:24:27.862Z"""
266,02. [فيزياء] واضح: الموقع والزمن (أول ثانوي/ ف1) - حلقة 6,,Zak5NNIts2s,Secondary,General,300,https://img.youtube.com/vi/Zak5NNIts2s/hqdefault.jpg,"""2026-04-26T03:26:41.602Z"""
267,02. [فيزياء] واضح: منحنى الموقع والزمن (أول ثانوي/ ف1) - حلقة 7,,q9f8_KDMP9I,Secondary,General,300,https://img.youtube.com/vi/q9f8_KDMP9I/hqdefault.jpg,"""2026-04-26T03:27:23.280Z"""
268,02. [فيزياء] واضح: حل مسائل منحنى الموقع والزمن (أول ثانوي/ ف1) - حلقة 8,,9ny2WTIBnuM,Secondary,General,300,https://img.youtube.com/vi/9ny2WTIBnuM/hqdefault.jpg,"""2026-04-26T03:27:55.802Z"""
269,02. [فيزياء] واضح: السرعة المتجهة (أول ثانوي/ ف1) - حلقة 9,,shS0DeuE6dQ,Secondary,General,300,https://img.youtube.com/vi/shS0DeuE6dQ/hqdefault.jpg,"""2026-04-26T03:28:26.324Z"""
270,02. [فيزياء] واضح: التسارع/العجلة (أول ثانوي/ ف1) - حلقة 10,,3K3kbYZLEkE,Secondary,General,300,https://img.youtube.com/vi/3K3kbYZLEkE/hqdefault.jpg,"""2026-04-26T03:28:57.451Z"""
271,02. [فيزياء] واضح: التسارع الموجب والسالب (أول ثانوي/ ف1) - حلقة 11,,mT-bMobpdoI,Secondary,General,300,https://img.youtube.com/vi/mT-bMobpdoI/hqdefault.jpg,"""2026-04-26T03:29:39.392Z"""
272,02. [فيزياء] واضح: الحركة بتسارع ثابت (أول ثانوي/ ف1) - حلقة 12,,Ycm38g7pr0A,Secondary,General,300,https://img.youtube.com/vi/Ycm38g7pr0A/hqdefault.jpg,"""2026-04-26T03:30:13.581Z"""
273,02. [فيزياء] واضح: الموقع بدلالة التسارع الثابت (أول ثانوي/ ف1) - حلقة 13,,14ZJh7zlqdU,Secondary,General,300,https://img.youtube.com/vi/14ZJh7zlqdU/hqdefault.jpg,"""2026-04-26T03:30:55.038Z"""
274,02. [فيزياء] واضح: مسائل معادلات الحركة (أول ثانوي/ ف1) - حلقة 14,,qegOCWxzt7s,Secondary,General,300,https://img.youtube.com/vi/qegOCWxzt7s/hqdefault.jpg,"""2026-04-26T03:31:29.959Z"""
275,02. [فيزياء] واضح: السقوط الحر (أول ثانوي/ ف1) - حلقة 15,,RIOhfiPb2fY,Secondary,General,300,https://img.youtube.com/vi/RIOhfiPb2fY/hqdefault.jpg,"""2026-04-26T03:31:58.904Z"""
276,02. [فيزياء] واضح: القوة والحركة (1) (أول ثانوي/ ف1) - حلقة 16,,GsTuFIEo8_I,Secondary,General,300,https://img.youtube.com/vi/GsTuFIEo8_I/hqdefault.jpg,"""2026-04-26T03:32:30.160Z"""
277,02. [فيزياء] واضح: القوة والحركة (2) (أول ثانوي/ ف1) - حلقة 17,,h7menRE_o_Q,Secondary,General,300,https://img.youtube.com/vi/h7menRE_o_Q/hqdefault.jpg,"""2026-04-26T03:33:00.767Z"""
278,02. [فيزياء] واضح: استخدام قوانين نيوتن (1) (أول ثانوي/ ف2) - حلقة 18,,4mrjJChc2Tc,Secondary,General,300,https://img.youtube.com/vi/4mrjJChc2Tc/hqdefault.jpg,"""2026-04-26T03:33:36.936Z"""
279,02. [فيزياء] واضح: استخدام قوانين نيوتن (2) (أول ثانوي/ ف2) - حلقة 19,,c2pgWHOhY8E,Secondary,General,300,https://img.youtube.com/vi/c2pgWHOhY8E/hqdefault.jpg,"""2026-04-26T03:34:09.722Z"""
280,02. [فيزياء] واضح: قوى التأثير المتبادل (1) (أول ثانوي/ ف2) - حلقة 20,,KgTuX33weEI,Secondary,General,300,https://img.youtube.com/vi/KgTuX33weEI/hqdefault.jpg,"""2026-04-26T03:34:43.403Z"""
281,02. [فيزياء] واضح: قوى التأثير المتبادل (2) (أول ثانوي/ ف2) - حلقة 21,,PQ5cbigk4vI,Secondary,General,300,https://img.youtube.com/vi/PQ5cbigk4vI/hqdefault.jpg,"""2026-04-26T03:35:12.937Z"""
282,02. [فيزياء] واضح: المتجهات (1) (أول ثانوي/ ف2) - حلقة 22,,XuE49fB3XFI,Secondary,General,300,https://img.youtube.com/vi/XuE49fB3XFI/hqdefault.jpg,"""2026-04-26T03:35:50.281Z"""
283,02. [فيزياء] واضح: المتجهات (2) (أول ثانوي/ ف2) - حلقة 23,,ygqJNHwHD4o,Secondary,General,300,https://img.youtube.com/vi/ygqJNHwHD4o/hqdefault.jpg,"""2026-04-26T03:36:25.638Z"""
284,02. [فيزياء] واضح: المتجهات (3) (أول ثانوي/ ف2) - حلقة 24,,TPmper0cH3I,Secondary,General,300,https://img.youtube.com/vi/TPmper0cH3I/hqdefault.jpg,"""2026-04-26T03:37:04.815Z"""
285,02. [فيزياء] واضح: الاحتكاك (1) (أول ثانوي/ ف2) - حلقة 25,,OQMiiGf4l1o,Secondary,General,300,https://img.youtube.com/vi/OQMiiGf4l1o/hqdefault.jpg,"""2026-04-26T03:37:33.519Z"""
286,02. [فيزياء] واضح: الاحتكاك (2) (أول ثانوي/ ف2) - حلقة 26,,OvOSTuapZMg,Secondary,General,300,https://img.youtube.com/vi/OvOSTuapZMg/hqdefault.jpg,"""2026-04-26T03:38:10.215Z"""
287,02. [فيزياء] واضح: القوة والحركة في بعدين (1) (أول ثانوي/ ف2) - حلقة 27,,WeYaJlzkwB8,Secondary,General,300,https://img.youtube.com/vi/WeYaJlzkwB8/hqdefault.jpg,"""2026-04-26T03:38:39.890Z"""
288,02. [فيزياء] واضح: القوة والحركة في بعدين (2) (أول ثانوي/ ف2) - حلقة 28,,yNpuihpnzz4,Secondary,General,300,https://img.youtube.com/vi/yNpuihpnzz4/hqdefault.jpg,"""2026-04-26T03:39:11.028Z"""
289,02. [فيزياء] واضح: حركة المقذوف (1) (أول ثانوي/ ف2) - حلقة 29,,Dq71ukfCY6o,Secondary,General,300,https://img.youtube.com/vi/Dq71ukfCY6o/hqdefault.jpg,"""2026-04-26T03:39:44.557Z"""
290,02. [فيزياء] واضح: حركة المقذوف (2) (أول ثانوي/ ف2) - حلقة 30,,zL5z2MzdmW8,Secondary,General,300,https://img.youtube.com/vi/zL5z2MzdmW8/hqdefault.jpg,"""2026-04-26T03:40:15.709Z"""
291,02. [فيزياء] واضح: الحركة الدائرية (أول ثانوي/ ف2) - حلقة 31,,LUxUT_AmuNo,Secondary,General,1888,https://img.youtube.com/vi/LUxUT_AmuNo/hqdefault.jpg,"""2026-04-26T03:40:52.623Z"""
292,02. [فيزياء] واضح: السرعة المتجهة النسبية (أول ثانوي/ ف2) - حلقة 32,,6C-8Hob2mpA,Secondary,General,300,https://img.youtube.com/vi/6C-8Hob2mpA/hqdefault.jpg,"""2026-04-26T03:41:24.670Z"""
293,02. [فيزياء] واضح: حركة الكواكب والجاذبية (أول ثانوي/ ف2) - حلقة 33,,nA3iiTwxBgw,Secondary,General,300,https://img.youtube.com/vi/nA3iiTwxBgw/hqdefault.jpg,"""2026-04-26T03:41:51.484Z"""
294,02. [فيزياء] واضح: استخدام قانون الجذب الكوني (أول ثانوي/ ف2) - حلقة 34,,L2BdhzHVK3M,Secondary,General,300,https://img.youtube.com/vi/L2BdhzHVK3M/hqdefault.jpg,"""2026-04-26T03:42:28.110Z"""
295,03. [أحياء] ahmad school: مقدمة مهمة أحياء 2-3 مسارات - حلقة 1,,9F_9QsLFnSc,Secondary,General,300,https://img.youtube.com/vi/9F_9QsLFnSc/hqdefault.jpg,"""2026-04-26T03:46:58.054Z"""
296,03. [أحياء] ahmad school: التراكيب الخلوية والعضيات (ج1) - حلقة 2,,seB7nfn701o,Secondary,General,300,https://img.youtube.com/vi/seB7nfn701o/hqdefault.jpg,"""2026-04-26T03:47:27.847Z"""
297,03. [أحياء] ahmad school: التراكيب الخلوية والعضيات (ج2) - حلقة 3,,xSY9EBI1Djk,Secondary,General,300,https://img.youtube.com/vi/xSY9EBI1Djk/hqdefault.jpg,"""2026-04-26T03:49:09.181Z"""
298,03. [أحياء] ahmad school: التراكيب الخلوية والعضيات (ج3) - حلقة 4,,Lvm_CqrIvBU,Secondary,General,300,https://img.youtube.com/vi/Lvm_CqrIvBU/hqdefault.jpg,"""2026-04-26T03:49:55.133Z"""
299,03. [أحياء] ahmad school: كيمياء الخلية (ج1) - حلقة 5,,mr1y3TVkU9w,Secondary,General,300,https://img.youtube.com/vi/mr1y3TVkU9w/hqdefault.jpg,"""2026-04-26T03:50:26.294Z"""
300,03. [أحياء] ahmad school: كيمياء الخلية (ج2) - حلقة 6,,iKX4VRGrj98,Secondary,General,300,https://img.youtube.com/vi/iKX4VRGrj98/hqdefault.jpg,"""2026-04-26T03:51:17.619Z"""
301,03. [أحياء] ahmad school: كيمياء الخلية (ج3) - حلقة 7,,Z6ZKPK0kx6s,Secondary,General,300,https://img.youtube.com/vi/Z6ZKPK0kx6s/hqdefault.jpg,"""2026-04-26T03:51:52.364Z"""
302,03. [أحياء] ahmad school: كيف تحصل المخلوقات على الطاقة - حلقة 8,,ZD-cZS53Tt8,Secondary,General,300,https://img.youtube.com/vi/ZD-cZS53Tt8/hqdefault.jpg,"""2026-04-26T03:52:32.521Z"""
303,03. [أحياء] ahmad school: عملية البناء الضوئي (ج1) - حلقة 9,,VsRt_-1cBGk,Secondary,General,300,https://img.youtube.com/vi/VsRt_-1cBGk/hqdefault.jpg,"""2026-04-26T03:53:05.083Z"""
304,03. [أحياء] ahmad school: عملية البناء الضوئي (ج2) - حلقة 10,,JhpKT95qyYU,Secondary,General,300,https://img.youtube.com/vi/JhpKT95qyYU/hqdefault.jpg,"""2026-04-26T03:53:42.544Z"""
305,03. [أحياء] ahmad school: التنفس الخلوي (ج1) - حلقة 11,,S8VCnJ05THk,Secondary,General,300,https://img.youtube.com/vi/S8VCnJ05THk/hqdefault.jpg,"""2026-04-26T03:54:36.485Z"""
306,03. [أحياء] ahmad school: التنفس الخلوي (ج2) - حلقة 12,,dH9_6Mb9hvs,Secondary,General,300,https://img.youtube.com/vi/dH9_6Mb9hvs/hqdefault.jpg,"""2026-04-26T03:55:09.108Z"""
307,03. [أحياء] ahmad school: النمو الخلوي - حلقة 13,,71QjLMBr2Qo,Secondary,General,300,https://img.youtube.com/vi/71QjLMBr2Qo/hqdefault.jpg,"""2026-04-26T03:55:49.015Z"""
308,03. [أحياء] ahmad school: الانقسام المتساوي والسيتوبلازم - حلقة 14,,nw1KUdJZpHw,Secondary,General,300,https://img.youtube.com/vi/nw1KUdJZpHw/hqdefault.jpg,"""2026-04-26T03:56:23.528Z"""
309,03. [أحياء] ahmad school: الانقسام المنصف (ج2) - حلقة 17,,1ptvJd3YA8s,Secondary,General,300,https://img.youtube.com/vi/1ptvJd3YA8s/hqdefault.jpg,"""2026-04-26T03:57:45.433Z"""
310,03. [أحياء] ahmad school: الوراثة المندلية (ج1) - حلقة 18,,tKtGaKBp1o8,Secondary,General,300,https://img.youtube.com/vi/tKtGaKBp1o8/hqdefault.jpg,"""2026-04-26T03:58:15.922Z"""
311,03. [أحياء] ahmad school: الوراثة المندلية (ج2) - حلقة 19,,3GmS8a8UYMw,Secondary,General,300,https://img.youtube.com/vi/3GmS8a8UYMw/hqdefault.jpg,"""2026-04-26T03:58:56.912Z"""
312,03. [أحياء] ahmad school: ارتباط الجينات وتعدد الكروموسومات - حلقة 20,,eTvyQMmku0U,Secondary,General,300,https://img.youtube.com/vi/eTvyQMmku0U/hqdefault.jpg,"""2026-04-26T03:59:35.954Z"""
313,03. [أحياء] ahmad school: الأنماط الأساسية لوراثة الإنسان (ج1) - حلقة 21,,7Uq2nU0Ji0c,Secondary,General,300,https://img.youtube.com/vi/7Uq2nU0Ji0c/hqdefault.jpg,"""2026-04-26T04:00:08.145Z"""
314,03. [أحياء] ahmad school: الأنماط الأساسية لوراثة الإنسان (ج2) - حلقة 22,,VotyfD_JMkc,Secondary,General,300,https://img.youtube.com/vi/VotyfD_JMkc/hqdefault.jpg,"""2026-04-26T04:00:45.339Z"""
315,03. [أحياء] ahmad school: الأنماط الوراثية المعقدة (ج1) - حلقة 23,,Qte6TJcDkjk,Secondary,General,300,https://img.youtube.com/vi/Qte6TJcDkjk/hqdefault.jpg,"""2026-04-26T04:01:27.594Z"""
316,03. [أحياء] ahmad school: الأنماط الوراثية المعقدة (ج2) - حلقة 24,,gCAB9Moq6zU,Secondary,General,300,https://img.youtube.com/vi/gCAB9Moq6zU/hqdefault.jpg,"""2026-04-26T04:02:08.523Z"""
317,03. [أحياء] ahmad school: الأنماط الوراثية المعقدة (ج3) - حلقة 25,,2vGa4jo0-4Y,Secondary,General,300,https://img.youtube.com/vi/2vGa4jo0-4Y/hqdefault.jpg,"""2026-04-26T04:02:50.833Z"""
318,03. [أحياء] ahmad school: الكروموسومات ووراثة الإنسان - حلقة 26,,cTmHIJntHqc,Secondary,General,300,https://img.youtube.com/vi/cTmHIJntHqc/hqdefault.jpg,"""2026-04-26T04:03:32.418Z"""
319,03. [أحياء] ahmad school: المادة الوراثية DNA (ج1) - حلقة 27,,KScaSZp0DfI,Secondary,General,300,https://img.youtube.com/vi/KScaSZp0DfI/hqdefault.jpg,"""2026-04-26T04:04:06.930Z"""
320,03. [أحياء] ahmad school: المادة الوراثية DNA (ج2) - حلقة 28,,yIgI4H0GIRU,Secondary,General,300,https://img.youtube.com/vi/yIgI4H0GIRU/hqdefault.jpg,"""2026-04-26T04:04:38.656Z"""
321,03. [أحياء] ahmad school: المادة الوراثية DNA (ج3) - حلقة 29,,HbG9Eg6E40g,Secondary,General,300,https://img.youtube.com/vi/HbG9Eg6E40g/hqdefault.jpg,"""2026-04-26T04:05:09.217Z"""
322,03. [أحياء] ahmad school: تضاعف DNA - حلقة 30,,7pHLccQXr7o,Secondary,General,300,https://img.youtube.com/vi/7pHLccQXr7o/hqdefault.jpg,"""2026-04-26T04:05:53.555Z"""
323,03. [أحياء] ahmad school: البروتين وDNA وRNA (ج1) - حلقة 31,,Mbrz_EhSCrw,Secondary,General,300,https://img.youtube.com/vi/Mbrz_EhSCrw/hqdefault.jpg,"""2026-04-26T04:06:33.861Z"""
324,03. [أحياء] ahmad school: البروتين وDNA وRNA (ج2) - حلقة 32,,f4EvLWZTVGs,Secondary,General,300,https://img.youtube.com/vi/f4EvLWZTVGs/hqdefault.jpg,"""2026-04-26T04:07:07.745Z"""
325,03. [أحياء] ahmad school: البروتين وDNA وRNA (ج3) - حلقة 33,,Z5Y6k2aJBD8,Secondary,General,300,https://img.youtube.com/vi/Z5Y6k2aJBD8/hqdefault.jpg,"""2026-04-26T04:07:38.154Z"""
326,03. [أحياء] ahmad school: التنظيم الجيني والطفرة (ج1) - حلقة 34,,UUHqQvKKIJw,Secondary,General,300,https://img.youtube.com/vi/UUHqQvKKIJw/hqdefault.jpg,"""2026-04-26T04:08:11.678Z"""
327,03. [أحياء] ahmad school: التنظيم الجيني والطفرة (ج2) - حلقة 35,,Am36oiJSwUc,Secondary,General,300,https://img.youtube.com/vi/Am36oiJSwUc/hqdefault.jpg,"""2026-04-26T04:08:43.855Z"""
328,03. [أحياء] ahmad school: التنظيم الجيني والطفرة (ج3) - حلقة 36,,-v5SxOV6jJU,Secondary,General,300,https://img.youtube.com/vi/-v5SxOV6jJU/hqdefault.jpg,"""2026-04-26T04:09:15.513Z"""
329,03. [أحياء] ahmad school: الانقسام المنصف (ج1) - حلقة 16,,SS_R-EvZabU,Secondary,General,300,https://img.youtube.com/vi/SS_R-EvZabU/hqdefault.jpg,"""2026-04-26T04:12:35.189Z"""
330,03. [أحياء] ahmad school: تنظيم دورة الخلية - حلقة 15,,KGQz3hRN60k,Secondary,General,300,https://img.youtube.com/vi/KGQz3hRN60k/hqdefault.jpg,"""2026-04-26T04:16:50.105Z"""
331,04. [كيمياء] محمد زيادة: أنواع المخاليط (ثالث ثانوي/ 1445) - حلقة 1,,2IEgpNSdKOA,Secondary,General,300,https://img.youtube.com/vi/2IEgpNSdKOA/hqdefault.jpg,"""2026-04-26T04:21:30.851Z"""
332,04. [كيمياء] محمد زيادة: تركيز المحلول - ج1 (ثالث ثانوي/ 1445) - حلقة 2,,-nAvVc1quOk,Secondary,General,300,https://img.youtube.com/vi/-nAvVc1quOk/hqdefault.jpg,"""2026-04-26T04:22:05.277Z"""
333,04. [كيمياء] محمد زيادة: تركيز المحلول - ج2 (ثالث ثانوي/ 1445) - حلقة 3,,shAw5_mTjP8,Secondary,General,300,https://img.youtube.com/vi/shAw5_mTjP8/hqdefault.jpg,"""2026-04-26T04:22:36.736Z"""
334,04. [كيمياء] محمد زيادة: تركيز المحلول - ج4 (ثالث ثانوي/ 1445) - حلقة 5,,mBgSqGQbQuI,Secondary,General,300,https://img.youtube.com/vi/mBgSqGQbQuI/hqdefault.jpg,"""2026-04-26T04:23:20.126Z"""
335,04. [كيمياء] محمد زيادة: تركيز المحلول - ج5 (ثالث ثانوي/ 1445) - حلقة 6,,M40JvC6dlbQ,Secondary,General,300,https://img.youtube.com/vi/M40JvC6dlbQ/hqdefault.jpg,"""2026-04-26T04:23:59.514Z"""
336,04. [كيمياء] محمد زيادة: تركيز المحلول - ج6 (ثالث ثانوي/ 1445) - حلقة 7,,rDnkBTy7ZlA,Secondary,General,300,https://img.youtube.com/vi/rDnkBTy7ZlA/hqdefault.jpg,"""2026-04-26T04:24:33.027Z"""
337,04. [كيمياء] محمد زيادة: العوامل المؤثرة في الذوبان - ج1 (ثالث ثانوي) - حلقة 8,,_irY-rk2-Bc,Secondary,General,300,https://img.youtube.com/vi/_irY-rk2-Bc/hqdefault.jpg,"""2026-04-26T04:25:06.932Z"""
338,04. [كيمياء] محمد زيادة: العوامل المؤثرة في الذوبان - ج2 (ثالث ثانوي) - حلقة 9,,ft_uMSwB-ug,Secondary,General,300,https://img.youtube.com/vi/ft_uMSwB-ug/hqdefault.jpg,"""2026-04-26T04:25:38.359Z"""
339,04. [كيمياء] محمد زيادة: الخواص الجامعة للمحاليل - ج1 (ثالث ثانوي) - حلقة 10,,V8dTjBUKWNY,Secondary,General,300,https://img.youtube.com/vi/V8dTjBUKWNY/hqdefault.jpg,"""2026-04-26T04:26:10.208Z"""
340,04. [كيمياء] محمد زيادة: الخواص الجامعة للمحاليل - ج2 (ثالث ثانوي) - حلقة 11,,gEG1h7KyKoY,Secondary,General,300,https://img.youtube.com/vi/gEG1h7KyKoY/hqdefault.jpg,"""2026-04-26T04:26:44.691Z"""
341,04. [كيمياء] محمد زيادة: مقدمة في الأحماض والقواعد - ج1 (ثالث ثانوي) - حلقة 12,,VlwHvsUqCW8,Secondary,General,300,https://img.youtube.com/vi/VlwHvsUqCW8/hqdefault.jpg,"""2026-04-26T04:27:58.852Z"""
342,04. [كيمياء] محمد زيادة: تركيز المحلول - ج3 (ثالث ثانوي/ 1445) - حلقة 4,,NsWkUTs-v9M,Secondary,General,300,https://img.youtube.com/vi/NsWkUTs-v9M/hqdefault.jpg,"""2026-04-26T04:31:09.609Z"""
343,04. [كيمياء] محمد زيادة: مقدمة في الأحماض والقواعد - ج2 (ثالث ثانوي) - حلقة 13,,HRO9noChqtI,Secondary,General,300,https://img.youtube.com/vi/HRO9noChqtI/hqdefault.jpg,"""2026-04-26T04:32:35.237Z"""
344,04. [كيمياء] محمد زيادة: مقدمة في الأحماض والقواعد - ج3 (ثالث ثانوي) - حلقة 14,,7_xLbG_eFXA,Secondary,General,300,https://img.youtube.com/vi/7_xLbG_eFXA/hqdefault.jpg,"""2026-04-26T04:33:09.550Z"""
345,04. [كيمياء] محمد زيادة: قوة الأحماض والقواعد - ج1 (ثالث ثانوي) - حلقة 15,,Cn4WrehtpNc,Secondary,General,300,https://img.youtube.com/vi/Cn4WrehtpNc/hqdefault.jpg,"""2026-04-26T04:33:46.414Z"""
346,04. [كيمياء] محمد زيادة: قوة الأحماض والقواعد - ج2 (ثالث ثانوي) - حلقة 16,,WFCGBTEm7uw,Secondary,General,300,https://img.youtube.com/vi/WFCGBTEm7uw/hqdefault.jpg,"""2026-04-26T04:34:30.974Z"""
347,04. [كيمياء] محمد زيادة: أيونات الهيدروجين والرقم الهيدروجيني - ج1 - حلقة 17,,Rm5jX-8FHuQ,Secondary,General,300,https://img.youtube.com/vi/Rm5jX-8FHuQ/hqdefault.jpg,"""2026-04-26T04:35:08.686Z"""
348,04. [كيمياء] محمد زيادة: أيونات الهيدروجين والرقم الهيدروجيني - ج2 - حلقة 18,,FpuEieKxl3c,Secondary,General,300,https://img.youtube.com/vi/FpuEieKxl3c/hqdefault.jpg,"""2026-04-26T04:35:40.013Z"""
349,04. [كيمياء] محمد زيادة: أيونات الهيدروجين والرقم الهيدروجيني - ج3 - حلقة 19,,9i-ND6dp92I,Secondary,General,300,https://img.youtube.com/vi/9i-ND6dp92I/hqdefault.jpg,"""2026-04-26T04:36:17.891Z"""
350,04. [كيمياء] محمد زيادة: أيونات الهيدروجين والرقم الهيدروجيني - ج4 - حلقة 20,,n72E8utGVIA,Secondary,General,300,https://img.youtube.com/vi/n72E8utGVIA/hqdefault.jpg,"""2026-04-26T04:37:26.785Z"""
351,04. [كيمياء] محمد زيادة: التعادل - ج1 (ثالث ثانوي/ 1445) - حلقة 21,,F9IsF_B1Sys,Secondary,General,300,https://img.youtube.com/vi/F9IsF_B1Sys/hqdefault.jpg,"""2026-04-26T04:38:14.202Z"""
352,04. [كيمياء] محمد زيادة: التعادل - ج2 (ثالث ثانوي/ 1445) - حلقة 22,,hkGrYFlunF8,Secondary,General,300,https://img.youtube.com/vi/hkGrYFlunF8/hqdefault.jpg,"""2026-04-26T04:38:46.596Z"""
353,04. [كيمياء] محمد زيادة: التعادل - ج3 (ثالث ثانوي/ 1445) - حلقة 23,,fC8QivssaUk,Secondary,General,300,https://img.youtube.com/vi/fC8QivssaUk/hqdefault.jpg,"""2026-04-26T04:39:31.391Z"""
354,04. [كيمياء] محمد زيادة: الأكسدة والاختزال - ج1 (ثالث ثانوي) - حلقة 24,,i3qweN6LBNo,Secondary,General,300,https://img.youtube.com/vi/i3qweN6LBNo/hqdefault.jpg,"""2026-04-26T04:40:11.090Z"""
355,04. [كيمياء] محمد زيادة: الأكسدة والاختزال - ج2 (ثالث ثانوي) - حلقة 25,,md68PNJXRCw,Secondary,General,300,https://img.youtube.com/vi/md68PNJXRCw/hqdefault.jpg,"""2026-04-26T04:40:46.761Z"""
356,04. [كيمياء] محمد زيادة: الأكسدة والاختزال - ج3 (ثالث ثانوي) - حلقة 26,,md68PNJXRCw,Secondary,General,300,https://img.youtube.com/vi/md68PNJXRCw/hqdefault.jpg,"""2026-04-26T04:42:04.336Z"""
357,04. [كيمياء] محمد زيادة: وزن معادلات الأكسدة والاختزال - ج1 - حلقة 27,,QDTZ_MZW41s,Secondary,General,300,https://img.youtube.com/vi/QDTZ_MZW41s/hqdefault.jpg,"""2026-04-26T04:42:39.094Z"""
358,04. [كيمياء] محمد زيادة: وزن معادلات الأكسدة والاختزال - ج2 - حلقة 28,,ND15Pg-LVxk,Secondary,General,300,https://img.youtube.com/vi/ND15Pg-LVxk/hqdefault.jpg,"""2026-04-26T04:44:32.559Z"""
359,04. [كيمياء] محمد زيادة: وزن معادلات الأكسدة والاختزال - ج3 - حلقة 29,,nJ2qFISSnH8,Secondary,General,300,https://img.youtube.com/vi/nJ2qFISSnH8/hqdefault.jpg,"""2026-04-26T04:45:04.205Z"""
360,04. [كيمياء] محمد زيادة: الخلايا الجلفانية - ج1 (ثالث ثانوي) - حلقة 30,,APJ-lzzcD0c,Secondary,General,300,https://img.youtube.com/vi/APJ-lzzcD0c/hqdefault.jpg,"""2026-04-26T04:45:54.182Z"""
361,04. [كيمياء] محمد زيادة: الخلايا الجلفانية - ج2 (ثالث ثانوي) - حلقة 31,,dFnys_jawgQ,Secondary,General,300,https://img.youtube.com/vi/dFnys_jawgQ/hqdefault.jpg,"""2026-04-26T04:46:36.973Z"""
362,04. [كيمياء] محمد زيادة: البطاريات - ج1 (ثالث ثانوي/ 1445) - حلقة 32,,bBLvPVKykLY,Secondary,General,300,https://img.youtube.com/vi/bBLvPVKykLY/hqdefault.jpg,"""2026-04-26T04:47:25.597Z"""
363,04. [كيمياء] محمد زيادة: البطاريات - ج2 (ثالث ثانوي/ 1445) - حلقة 33,,Q3heXUm_Q74,Secondary,General,300,https://img.youtube.com/vi/Q3heXUm_Q74/hqdefault.jpg,"""2026-04-26T04:47:57.409Z"""
364,04. [كيمياء] محمد زيادة: البطاريات - ج3 (ثالث ثانوي/ 1445) - حلقة 34,,YhHRuGH7sdY,Secondary,General,300,https://img.youtube.com/vi/YhHRuGH7sdY/hqdefault.jpg,"""2026-04-26T04:48:44.419Z"""
365,04. [كيمياء] محمد زيادة: التحليل الكهربائي - ج1 (ثالث ثانوي) - حلقة 35,,EqQRjgcYDCM,Secondary,General,300,https://img.youtube.com/vi/EqQRjgcYDCM/hqdefault.jpg,"""2026-04-26T04:49:26.158Z"""
366,04. [كيمياء] محمد زيادة: التحليل الكهربائي - ج2 (ثالث ثانوي) - حلقة 36,,tl_hp7fJO28,Secondary,General,300,https://img.youtube.com/vi/tl_hp7fJO28/hqdefault.jpg,"""2026-04-26T04:50:08.867Z"""
367,04. [كيمياء] محمد زيادة: مراجعة الفصل الأول (1) (ثالث ثانوي) - حلقة 37,,2lVAVEj7xH8,Secondary,General,300,https://img.youtube.com/vi/2lVAVEj7xH8/hqdefault.jpg,"""2026-04-26T04:50:44.732Z"""
368,04. [كيمياء] محمد زيادة: مراجعة الفصل الأول (2) (ثالث ثانوي) - حلقة 38,,dDQbO18ZRxI,Secondary,General,300,https://img.youtube.com/vi/dDQbO18ZRxI/hqdefault.jpg,"""2026-04-26T04:51:44.120Z"""
369,04. [كيمياء] محمد زيادة: مراجعة الفصل الثاني (1) (ثالث ثانوي) - حلقة 39,,0IRlcaeQhGE,Secondary,General,300,https://img.youtube.com/vi/0IRlcaeQhGE/hqdefault.jpg,"""2026-04-26T04:52:29.974Z"""
370,04. [كيمياء] محمد زيادة: مراجعة الفصل الثاني (2) (ثالث ثانوي) - حلقة 40,,ZksN2w9Dd_8,Secondary,General,300,https://img.youtube.com/vi/ZksN2w9Dd_8/hqdefault.jpg,"""2026-04-26T04:53:04.457Z"""
371,04. [كيمياء] محمد زيادة: مراجعة الفصل الثالث كاملاً (ثالث ثانوي) - حلقة 41,,IRmjr9PVj_Y,Secondary,General,300,https://img.youtube.com/vi/IRmjr9PVj_Y/hqdefault.jpg,"""2026-04-26T04:53:50.173Z"""
372,04. [كيمياء] محمد زيادة: مراجعة الفصل الرابع (1) (ثالث ثانوي) - حلقة 42,,pF2lmH8gHTI,Secondary,General,300,https://img.youtube.com/vi/pF2lmH8gHTI/hqdefault.jpg,"""2026-04-26T04:54:19.700Z"""
373,04. [كيمياء] محمد زيادة: مراجعة الفصل الرابع (2) (ثالث ثانوي) - حلقة 43,,KfZRI5BZ09Y,Secondary,General,300,https://img.youtube.com/vi/KfZRI5BZ09Y/hqdefault.jpg,"""2026-04-26T04:54:54.440Z"""